rank,feature,family,avg_abs_pearson,avg_abs_spearman,max_abs_spearman,best_horizon
1,BB3_T5,BB3,0.006033,0.0168986,0.020512,30
2,BB3_T6,BB3,0.0069512,0.016382,0.021102,60
3,BB10_T3,BB10,0.0035556,0.016239800000000002,0.025121,10
4,PB7_T3,PB7,0.0035556,0.016239800000000002,0.025121,10
5,PB18_T3,PB18,0.0036246,0.016234199999999997,0.025064,10
6,PB8_T4,PB8,0.002395,0.0159084,0.022908,10
7,BB3_T4,BB3,0.0052484,0.0157918,0.020604,10
8,PB18_T4,PB18,0.0027928000000000002,0.015618799999999999,0.022874,10
9,PB17_T3,PB17,0.0029381999999999998,0.015617,0.024335,10
10,PB15_T3,PB15,0.0029381999999999998,0.015617,0.024335,10
11,BB10_T4,BB10,0.0025922000000000002,0.015565399999999998,0.022805,10
12,PB7_T4,PB7,0.0025922000000000002,0.015565399999999998,0.022805,10
13,PB8_T3,PB8,0.003012,0.0155634,0.023971,10
14,PB8_T5,PB8,0.0027166,0.015336800000000001,0.020675,10
15,PB3_T3,PB3,0.0034828,0.015291599999999999,0.021917,10
16,PB12_T3,PB12,0.0054962000000000006,0.0152542,0.020469,10
17,PB5_T3,PB5,0.0054962000000000006,0.0152542,0.020469,10
18,PB1_T3,PB1,0.0054736,0.0152542,0.020469,10
19,PB4_T3,PB4,0.0054736,0.0152542,0.020469,10
20,PB13_T3,PB13,0.0054876000000000005,0.0152526,0.020467,10
21,PV2,PV2,0.017380800000000002,0.0151474,0.028706,300
22,BB23,BB23,0.0055538,0.0148818,0.019814,10
23,BB3_T3,BB3,0.0039324,0.0148512,0.021312,10
24,PB3_T2,PB3,0.0031402,0.0148034,0.023452,10
25,PV1_T9,PV1,0.0120836,0.014663199999999998,0.025039,300
26,PB17_T4,PB17,0.0025004,0.014562,0.022324,10
27,PB15_T4,PB15,0.0025004,0.014562,0.022324,10
28,PB8_T6,PB8,0.0034094,0.0145018,0.019409,10
29,PB16_T3,PB16,0.0023014,0.014430599999999998,0.021428,10
30,PB18_T5,PB18,0.0034479999999999997,0.0144206,0.019966,10
31,PB7_T5,PB7,0.0032466,0.0144104,0.019839,10
32,BB10_T5,BB10,0.0032466,0.0144104,0.019839,10
33,PB6_T12,PB6,0.0054822000000000004,0.0143236,0.036362,300
34,V8_T8_T10,V8,0.0067205999999999985,0.013777800000000002,0.029617,300
35,PB6_T2,PB6,0.005407,0.013638,0.018244,10
36,PB14_T3,PB14,0.0028818,0.0135916,0.020027,10
37,PB7_T6,PB7,0.0038996000000000005,0.0135728,0.018348,10
38,BB10_T6,BB10,0.0038996000000000005,0.0135728,0.018348,10
39,PB18_T6,PB18,0.003982,0.0135046,0.018265,10
40,PB17_T5,PB17,0.0031380000000000006,0.013420999999999999,0.01961,10
41,PB15_T5,PB15,0.0031380000000000006,0.013420999999999999,0.01961,10
42,V8_T9_T10,V8,0.010075400000000002,0.013387,0.025603,300
43,BB2_T3,BB2,0.0037648,0.0133474,0.018291,10
44,PB2_T12,PB2,0.0013520000000000001,0.013303200000000001,0.019861,300
45,PB16_T4,PB16,0.0022132,0.0132688,0.019526,10
46,PV1_T10,PV1,0.0161034,0.013231799999999998,0.033768,300
47,BB24,BB24,0.006350799999999999,0.013136399999999998,0.016543,10
48,VB2_T12,VB2,0.022575599999999998,0.0129668,0.027846,300
49,PB3_T1,PB3,0.0030156,0.0129282,0.02146,10
50,BB21,BB21,0.0012604,0.0127578,0.021145,300
51,PB3_T4,PB3,0.0051513999999999996,0.012688399999999999,0.017835,10
52,V8_T8_T11,V8,0.005515,0.012620999999999999,0.023555,300
53,BB19,BB19,0.0019195999999999998,0.0125032,0.019994,300
54,PB17_T6,PB17,0.0042366,0.0124234,0.018269,10
55,PB15_T6,PB15,0.0042366,0.0124234,0.018269,10
56,PB13_T4,PB13,0.005454,0.0122814,0.015999,60
57,PB5_T4,PB5,0.005457399999999999,0.012277,0.015988,60
58,PB12_T4,PB12,0.005457399999999999,0.012277,0.015988,60
59,PB4_T4,PB4,0.0054518,0.012277,0.015988,60
60,PB1_T4,PB1,0.0054518,0.012277,0.015988,60
61,V8_T9_T11,V8,0.0083262,0.0122724,0.021127,300
62,BB17,BB17,0.0028355999999999998,0.0122676,0.01977,300
63,PB16_T5,PB16,0.0030274000000000004,0.0121802,0.017003,10
64,VB3_T12,VB3,0.0234368,0.0121446,0.025946,300
65,VB4_T12,VB4,0.0234358,0.012144199999999999,0.025945,300
66,PB18_T2,PB18,0.0033346,0.011952,0.019341,10
67,BB10_T2,BB10,0.0033014000000000003,0.0118984,0.019348,10
68,PB7_T2,PB7,0.0033014000000000003,0.0118984,0.019348,10
69,VB5_T11,VB5,0.014133000000000001,0.011804199999999999,0.028033,300
70,PB17_T2,PB17,0.0030058000000000003,0.0115584,0.018512,10
71,PB15_T2,PB15,0.0030058000000000003,0.0115584,0.018512,10
72,PB12_T5,PB12,0.004439,0.0114782,0.014764,30
73,PB1_T5,PB1,0.0044792,0.0114782,0.014764,30
74,PB5_T5,PB5,0.004439,0.0114782,0.014764,30
75,PB4_T5,PB4,0.0044792,0.0114782,0.014764,30
76,PB13_T5,PB13,0.0044507999999999995,0.011473800000000001,0.014763,30
77,BB16,BB16,0.0039293999999999996,0.0114036,0.017286,300
78,PB6_T1,PB6,0.0035984000000000003,0.0113574,0.017765,30
79,PB5_T2,PB5,0.0037381999999999997,0.0112846,0.017326,30
80,PB1_T2,PB1,0.0037328,0.0112846,0.017326,30
81,PB4_T2,PB4,0.0037328,0.0112846,0.017326,30
82,PB12_T2,PB12,0.0037381999999999997,0.0112846,0.017326,30
83,PB13_T2,PB13,0.0037360000000000006,0.0112672,0.017308,30
84,V8_T7_T11,V8,0.0027148,0.0112226,0.024602,300
85,PB16_T6,PB16,0.0043062000000000005,0.011193,0.015643,10
86,PB8_T2,PB8,0.0030312,0.011103600000000002,0.017895,10
87,BB3_T2,BB3,0.0057540000000000004,0.0111006,0.017451,10
88,PB14_T4,PB14,0.0028834,0.0110942,0.013942,60
89,BB2_T5,BB2,0.0034063999999999995,0.010978,0.014038,60
90,BB2_T4,BB2,0.0029412,0.0109708,0.014148,60
91,PV1_T11,PV1,0.0160848,0.0109484,0.025736,300
92,PB14_T2,PB14,0.0021106,0.0109076,0.016738,10
93,PB2_T5,PB2,0.0073688,0.0108138,0.014664,30
94,PB16_T2,PB16,0.0018428,0.010759399999999999,0.015632,10
95,V8_T7_T10,V8,0.002783,0.0106242,0.027371,300
96,BB3_T1,BB3,0.0075264,0.0106234,0.018628,10
97,PB3_T5,PB3,0.0060022,0.0104838,0.014923,10
98,PB5_T1,PB5,0.0040168,0.010428,0.017438,10
99,PB4_T1,PB4,0.0040172,0.010428,0.017438,10
100,PB12_T1,PB12,0.0040168,0.010428,0.017438,10
101,PB1_T1,PB1,0.0040172,0.010428,0.017438,10
102,PB13_T1,PB13,0.0040174,0.0103966,0.017433,10
103,PB14_T5,PB14,0.0042174,0.0102854,0.012967,30
104,V8_T7_T12,V8,0.0031492,0.0101758,0.019943,300
105,VB5_T12,VB5,0.006922199999999999,0.009995,0.021417,300
106,BB9_T11,BB9,0.014794000000000002,0.009922,0.026148,300
107,V8_T6_T7,V8,0.007191600000000001,0.0098856,0.019184,120
108,V8_T3_T7,V8,0.008419199999999998,0.0098668,0.014919,120
109,PB10_T12,PB10,0.0020708000000000002,0.0097572,0.014744,300
110,BB11_T12,BB11,0.0020778,0.009756999999999998,0.014741,300
111,BB9_T12,BB9,0.0041712,0.0096858,0.021815,300
112,PB17_T1,PB17,0.0040108,0.0096828,0.01743,10
113,PB15_T1,PB15,0.0040108,0.0096828,0.01743,10
114,PB10_T11,PB10,0.0040438,0.0096598,0.013289,120
115,BB11_T11,BB11,0.0040498,0.0096566,0.013286,120
116,PB7_T1,PB7,0.0034742,0.0095708,0.017874,10
117,BB10_T1,BB10,0.0034742,0.0095708,0.017874,10
118,PB18_T1,PB18,0.0034698,0.0095652,0.01788,10
119,V8_T8_T12,V8,0.0055014,0.0094552,0.016751,300
120,PB14_T1,PB14,0.0022788,0.0094536,0.016433,10
121,BB7_T11,BB7,0.0037982000000000003,0.009439,0.013076,120
122,V8_T8_T9,V8,0.0035421999999999997,0.009425,0.022232,300
123,PB8_T7,PB8,0.0063804,0.0093366,0.012855,10
124,VB2_T11,VB2,0.0160808,0.009311,0.021442,300
125,BB2_T6,BB2,0.0029603999999999998,0.0092864,0.012411,60
126,PB8_T1,PB8,0.0036699999999999997,0.0092496,0.016747,10
127,BB2_T2,BB2,0.002693,0.009248,0.014449,30
128,VB4_T5,VB4,0.022931600000000003,0.0092282,0.012967,300
129,VB3_T5,VB3,0.0229334,0.009228,0.012967,300
130,PB16_T1,PB16,0.0024278,0.009123000000000001,0.01462,10
131,PB6_T3,PB6,0.0053744,0.0090752,0.013411,60
132,PB10_T10,PB10,0.0032898,0.0089022,0.01246,120
133,BB11_T10,BB11,0.0032978,0.0088982,0.012456,120
134,VB2_T10,VB2,0.015878200000000002,0.0088828,0.020233,300
135,PB3_T6,PB3,0.006368400000000001,0.008819,0.01284,10
136,PV1_T4,PV1,0.0192414,0.008772199999999999,0.013463,30
137,VB4_T4,VB4,0.0223224,0.0087578,0.013884,300
138,VB3_T4,VB3,0.0223242,0.0087576,0.013884,300
139,PB2_T6,PB2,0.0105164,0.008741200000000001,0.011806,60
140,BB7_T10,BB7,0.0033464000000000002,0.0086994,0.012307,120
141,VB4_T6,VB4,0.0218946,0.008687400000000001,0.011702,300
142,VB3_T6,VB3,0.021896199999999998,0.008687400000000001,0.011702,300
143,BB2_T1,BB2,0.003572,0.008633,0.014779,10
144,BB7_T12,BB7,0.0015336,0.008631400000000001,0.012259,300
145,VB2_T2,VB2,0.022923000000000002,0.008623800000000001,0.01175,300
146,VB4_T2,VB4,0.020611200000000003,0.0085978,0.012477,300
147,VB3_T2,VB3,0.020611200000000003,0.0085976,0.012476,300
148,V8_T2_T7,V8,0.0055712,0.0085744,0.010049,120
149,PB5_T6,PB5,0.0036736,0.0085308,0.011408,60
150,PB1_T6,PB1,0.0036764000000000007,0.0085308,0.011408,60
151,PB12_T6,PB12,0.0036736,0.0085308,0.011408,60
152,PB4_T6,PB4,0.0036764000000000007,0.0085308,0.011408,60
153,PB13_T6,PB13,0.0036795999999999995,0.0085284,0.011403,60
154,VB2_T3,VB2,0.022333000000000002,0.008471999999999999,0.012708,300
155,VB1_T11,VB1,0.0027681999999999997,0.0084592,0.020835,300
156,VB3_T11,VB3,0.0163512,0.0084494,0.018822,300
157,VB4_T11,VB4,0.0163514,0.0084494,0.018822,300
158,VB4_T3,VB4,0.0227382,0.0084426,0.013247,300
159,VB3_T3,VB3,0.0227394,0.008442,0.013247,300
160,VB1_T7,VB1,0.0022245999999999998,0.0083538,0.018528,300
161,VB2_T4,VB2,0.0202296,0.008335,0.013092,300
162,BB18,BB18,0.004713,0.0083216,0.013803,120
163,VB2_T1,VB2,0.021019,0.0083148,0.01082,300
164,V8_T1_T7,V8,0.0045652,0.0083086,0.009792,10
165,VB2_T5,VB2,0.019586399999999997,0.008278,0.012054,300
166,PB2_T8,PB2,0.004231,0.0082306,0.011118,60
167,BB9_T1,BB9,0.020995,0.008227,0.011032,300
168,BB10_T7,BB10,0.0069324,0.0081064,0.010961,10
169,PB7_T7,PB7,0.0069324,0.0081064,0.010961,10
170,VB4_T1,VB4,0.0176222,0.0080968,0.011475,300
171,VB3_T1,VB3,0.0176204,0.008096599999999999,0.011475,300
172,VB5_T1,VB5,0.0210182,0.008087,0.010836,300
173,BB9_T2,BB9,0.0247676,0.0080804,0.011159,300
174,PB18_T7,PB18,0.0074324000000000005,0.008034999999999999,0.010804,10
175,PB2_T4,PB2,0.0047294,0.0079756,0.010984,60
176,VB4_T10,VB4,0.016887199999999998,0.007968600000000001,0.017773,300
177,VB3_T10,VB3,0.0168868,0.0079684,0.017772,300
178,VB5_T2,VB5,0.024347,0.007956000000000001,0.011091,300
179,V8_T4_T7,V8,0.0059614,0.007941,0.014074,120
180,V8_T9_T12,V8,0.0085602,0.007887,0.011857,120
181,V3_T8,V3,0.0043426,0.0078542,0.009372,120
182,VB1_T8,VB1,0.0031632,0.0078302,0.020395,300
183,VB1_T5,VB1,0.0053644,0.0077946000000000005,0.014863,120
184,PB15_T7,PB15,0.006285000000000001,0.007771200000000001,0.011075,10
185,PB17_T7,PB17,0.006285000000000001,0.007771200000000001,0.011075,10
186,VB2_T6,VB2,0.0179198,0.007717,0.010954,300
187,V8_T5_T7,V8,0.0048754,0.007672999999999999,0.015619,120
188,VB1_T6,VB1,0.0051015999999999995,0.0076054,0.014024,120
189,V8_T1_T8,V8,0.0045969999999999995,0.0075065999999999996,0.00941,10
190,PB14_T6,PB14,0.006318799999999999,0.007502,0.009522,60
191,V8_T2_T8,V8,0.005623,0.007394200000000001,0.010122,120
192,BB25,BB25,0.004184,0.0073372,0.013572,30
193,V8_T3_T8,V8,0.0080446,0.007301200000000001,0.013518,120
194,VB5_T10,VB5,0.013477800000000002,0.007163999999999999,0.019443,300
195,V8_T2_T5,V8,0.0039394,0.0071592,0.008974,10
196,V8_T1_T5,V8,0.0034926,0.0071242,0.008853,10
197,BB20,BB20,0.0047392,0.0070048,0.012173,120
198,PB10_T9,PB10,0.0020028,0.0069987999999999995,0.010422,120
199,BB11_T9,BB11,0.0020153999999999997,0.0069949999999999995,0.010416,120
200,PB17_T8,PB17,0.0033374,0.006994800000000001,0.009031,10
201,PB15_T8,PB15,0.0033374,0.006994800000000001,0.009031,10
202,VB2_T9,VB2,0.011587999999999998,0.0069574,0.017067,300
203,V8_T3_T5,V8,0.0066818,0.006953999999999999,0.008086,300
204,BB22,BB22,0.0043224,0.0069306,0.011727,120
205,PB16_T7,PB16,0.006609000000000001,0.0068390000000000005,0.009252,10
206,V8_T1_T6,V8,0.0034748,0.0067659999999999994,0.009628,10
207,V8_T6_T8,V8,0.006334000000000001,0.006753,0.015706,120
208,V8_T2_T4,V8,0.0033248,0.0067452,0.008968,60
209,V3_T11,V3,0.0045206000000000005,0.006733800000000001,0.008486,300
210,V8_T2_T6,V8,0.0039461999999999995,0.006727800000000001,0.009548,10
211,BB3_T7,BB3,0.002131,0.0066794,0.009791,10
212,V8_T3_T6,V8,0.0062904,0.0066684,0.008143,300
213,V8_T1_T4,V8,0.002923,0.0065772,0.008019,60
214,PB2_T10,PB2,0.014707600000000001,0.006483,0.008219,60
215,VB1_T4,VB1,0.0053476,0.0064562,0.011826,120
216,V3_T7,V3,0.0044446,0.0064302,0.008465,300
217,BB9_T8,BB9,0.0090618,0.006367600000000001,0.012944,300
218,BB1_T10,BB1,0.0011656,0.0063652,0.010283,120
219,BB7_T9,BB7,0.0014291999999999998,0.006329400000000001,0.009499,120
220,BB4_T10,BB4,0.001303,0.0063176,0.010393,120
221,BB6_T10,BB6,0.001303,0.0063176,0.010393,120
222,PB8_T8,PB8,0.0055418,0.0063062000000000005,0.00935,10
223,V8_T5_T11,V8,0.0029825999999999997,0.0062856,0.019622,300
224,PB16_T8,PB16,0.0034463999999999996,0.0062456,0.008033,60
225,BB1_T11,BB1,0.0012968,0.0062217999999999996,0.010085,120
226,BB8_T7,BB8,0.0020964,0.0062039999999999994,0.010239,120
227,V8_T7_T9,V8,0.0042796,0.006181,0.021185,300
228,PB11_T7,PB11,0.0021092,0.0061546000000000005,0.010259,120
229,BB12_T7,BB12,0.00212,0.00614,0.010243,120
230,PB2_T3,PB2,0.006550600000000001,0.0061200000000000004,0.012968,10
231,BB8_T8,BB8,0.0015730000000000002,0.0061198,0.010527,120
232,V8_T3_T4,V8,0.0061368,0.0060948,0.007912,30
233,PB11_T8,PB11,0.0013812,0.006056399999999999,0.010544,120
234,BB12_T8,BB12,0.001385,0.0060485999999999995,0.010536,120
235,PB10_T8,PB10,0.0009078,0.0060432,0.009441,120
236,BB6_T11,BB6,0.0014418,0.0060404,0.009974,120
237,BB7_T4,BB7,0.0004366,0.0060404,0.009622,120
238,BB4_T11,BB4,0.0014418,0.0060404,0.009974,120
239,BB11_T8,BB11,0.0009052000000000001,0.0060398,0.009436,120
240,PB10_T5,PB10,0.00040940000000000003,0.0060242,0.009619,120
241,PV3_B5_T5,PV3,0.003094,0.0060224,0.011241,300
242,BB4_T9,BB4,0.001134,0.0060212,0.010028,120
243,BB6_T9,BB6,0.001134,0.0060212,0.010028,120
244,BB11_T5,BB11,0.0004114,0.0060198000000000005,0.00962,120
245,V8_T4_T11,V8,0.0038576,0.006017799999999999,0.017511,300
246,BB7_T5,BB7,0.00036780000000000005,0.006006200000000001,0.009507,120
247,BB7_T3,BB7,0.0006016,0.0060032,0.009742,120
248,BB11_T6,BB11,0.00039420000000000004,0.005998,0.009559,120
249,PB10_T6,PB10,0.0004022,0.0059968,0.009557,120
250,PV3_B5_T6,PV3,0.0028355999999999998,0.0059946,0.011247,300
251,V8_T5_T12,V8,0.0027964,0.005989400000000001,0.016509,300
252,PB10_T4,PB10,0.0005721999999999999,0.0059808,0.009634,120
253,BB11_T4,BB11,0.0005754,0.005975800000000001,0.009634,120
254,BB26,BB26,0.0065558000000000005,0.0059708,0.01677,300
255,BB7_T6,BB7,0.0005034,0.005968200000000001,0.009408,120
256,VB1_T9,VB1,0.0028204,0.0059638,0.012261,300
257,BB1_T6,BB1,0.0009568000000000001,0.0059586,0.00982,120
258,BB14_T12,BB14,0.0010874,0.0059544,0.009835,120
259,BB14_T9,BB14,0.000952,0.005953999999999999,0.009904,120
260,BB14_T10,BB14,0.001072,0.0059454,0.009897,120
261,PV3_B5_T7,PV3,0.002078,0.005939,0.010768,300
262,BB4_T8,BB4,0.001025,0.0059304,0.009847,120
263,BB6_T8,BB6,0.001025,0.0059304,0.009847,120
264,PB10_T3,PB10,0.000732,0.0059278,0.009678,120
265,BB1_T5,BB1,0.0009896,0.0059188,0.009804,120
266,BB14_T11,BB14,0.0010936,0.005915200000000001,0.009845,120
267,BB11_T3,BB11,0.0007362,0.0059126,0.009669,120
268,BB5_T9,BB5,0.0009376,0.0058774,0.009812,120
269,BB13_T9,BB13,0.0009376,0.0058774,0.009812,120
270,BB14_T8,BB14,0.000851,0.0058766,0.009751,120
271,BB13_T10,BB13,0.001054,0.0058660000000000006,0.009806,120
272,BB5_T10,BB5,0.001054,0.0058660000000000006,0.009806,120
273,BB1_T9,BB1,0.0010046,0.0058622,0.00967,120
274,PB18_T8,PB18,0.0053988000000000005,0.0058548,0.008124,10
275,BB8_T6,BB8,0.0019274,0.005848600000000001,0.009975,120
276,BB1_T4,BB1,0.0011136,0.0058452,0.009704,120
277,BB6_T6,BB6,0.0012162,0.0058434,0.009665,120
278,BB4_T6,BB4,0.0012162,0.0058434,0.009665,120
279,BB5_T8,BB5,0.0008749999999999999,0.005837,0.009709,120
280,BB13_T8,BB13,0.0008749999999999999,0.005837,0.009709,120
281,BB5_T11,BB5,0.0010738000000000002,0.0058344,0.009763,120
282,BB13_T11,BB13,0.0010738000000000002,0.0058344,0.009763,120
283,PV3_B5_T4,PV3,0.0035031999999999993,0.0058328,0.010983,300
284,BB5_T12,BB5,0.0010584,0.0058286,0.009685,120
285,BB13_T12,BB13,0.0010584,0.0058286,0.009685,120
286,BB6_T5,BB6,0.0012334,0.005824,0.009645,120
287,BB4_T5,BB4,0.0012334,0.005824,0.009645,120
288,BB14_T5,BB14,0.0011302,0.0058198,0.009616,120
289,BB14_T4,BB14,0.0011108,0.0058158,0.009622,120
290,BB14_T7,BB14,0.0011182,0.0058113999999999996,0.009634,120
291,BB5_T7,BB5,0.0011748,0.0058096,0.009644,120
292,BB13_T7,BB13,0.0011748,0.0058096,0.009644,120
293,BB14_T6,BB14,0.0011560000000000001,0.0058092000000000005,0.009601,120
294,BB15_T9,BB15,0.0009232000000000001,0.005808,0.009737,120
295,BB15_T7,BB15,0.0012309999999999999,0.005808,0.009656,120
296,BB6_T4,BB6,0.0012892000000000001,0.0057936,0.009596,120
297,BB4_T4,BB4,0.0012892000000000001,0.0057936,0.009596,120
298,BB15_T8,BB15,0.0008994000000000001,0.005791,0.009662,120
299,PV3_B5_T8,PV3,0.0021878,0.0057866,0.010448,300
300,BB15_T10,BB15,0.001036,0.0057844,0.009716,120
301,BB14_T3,BB14,0.0010609999999999999,0.0057838,0.009605,120
302,BB7_T2,BB7,0.0008102,0.0057784,0.009636,120
303,BB13_T6,BB13,0.0012646,0.0057624,0.009567,120
304,BB5_T6,BB5,0.0012646,0.0057624,0.009567,120
305,BB15_T11,BB15,0.0010544,0.005759,0.009682,120
306,BB5_T5,BB5,0.0012506,0.0057576,0.009562,120
307,BB13_T5,BB13,0.0012506,0.0057576,0.009562,120
308,BB4_T3,BB4,0.0012289999999999998,0.005755000000000001,0.009534,120
309,BB6_T3,BB6,0.0012289999999999998,0.005755000000000001,0.009534,120
310,BB1_T3,BB1,0.0011313999999999999,0.005752599999999999,0.009569,120
311,BB13_T4,BB13,0.0012372000000000001,0.0057514,0.00955,120
312,BB5_T4,BB5,0.0012372000000000001,0.0057514,0.00955,120
313,PB10_T2,PB10,0.000889,0.0057504,0.009597,120
314,PB11_T6,PB11,0.0017329999999999997,0.0057464000000000005,0.009751,120
315,BB4_T7,BB4,0.0014766,0.0057412,0.009526,120
316,BB6_T7,BB6,0.0014766,0.0057412,0.009526,120
317,BB8_T5,BB8,0.0021434,0.005732599999999999,0.009855,120
318,BB1_T8,BB1,0.0009601999999999999,0.005726,0.009462,120
319,BB12_T6,BB12,0.0017534,0.0057242000000000005,0.009735,120
320,BB11_T2,BB11,0.0008946,0.0057225999999999996,0.009581,120
321,BB15_T6,BB15,0.0013738,0.0057192,0.009534,120
322,BB8_T9,BB8,0.0012864,0.0057155999999999995,0.010247,120
323,BB1_T7,BB1,0.0012147999999999998,0.0057133999999999996,0.00946,120
324,BB15_T5,BB15,0.0013706,0.005705399999999999,0.009515,120
325,BB15_T12,BB15,0.0010295999999999999,0.0057042,0.009546,120
326,BB13_T3,BB13,0.0012058,0.0057034,0.009506,120
327,BB5_T3,BB5,0.0012058,0.0057034,0.009506,120
328,PB7_T8,PB7,0.005537200000000001,0.0057003999999999996,0.0082,10
329,BB10_T8,BB10,0.005537200000000001,0.0057003999999999996,0.0082,10
330,BB14_T2,BB14,0.0009794,0.0056944,0.009559,120
331,PV1_T5,PV1,0.0154638,0.0056934,0.010047,30
332,BB15_T4,BB15,0.0013632,0.0056874000000000004,0.009477,120
333,BB7_T1,BB7,0.0009251999999999999,0.0056688,0.009552,120
334,BB9_T3,BB9,0.030157,0.0056656,0.00771,300
335,PB11_T5,PB11,0.0019002000000000001,0.0056622,0.009689,120
336,PB10_T1,PB10,0.0009792,0.0056618,0.009528,120
337,BB14_T1,BB14,0.0009686,0.0056462000000000005,0.009535,120
338,BB12_T5,BB12,0.0019226,0.0056416,0.009671,120
339,VB5_T3,VB5,0.028322400000000005,0.005634800000000001,0.00829,300
340,BB11_T1,BB11,0.0009918,0.005625799999999999,0.009505,120
341,BB11_T7,BB11,0.0004438,0.0056248,0.009235,120
342,PB10_T7,PB10,0.0004476,0.0056222,0.009232,120
343,BB15_T3,BB15,0.0013508,0.0056208000000000004,0.009402,120
344,BB6_T2,BB6,0.0011334000000000001,0.005620599999999999,0.00946,120
345,BB4_T2,BB4,0.0011334000000000001,0.005620599999999999,0.00946,120
346,PB11_T9,PB11,0.0012933999999999999,0.005611,0.009844,120
347,BB12_T9,BB12,0.0012952,0.0056074,0.009843,120
348,BB1_T2,BB1,0.0011044,0.0056042,0.009464,120
349,BB13_T2,BB13,0.0011446,0.0056,0.009442,120
350,BB5_T2,BB5,0.0011446,0.0056,0.009442,120
351,BB9_T9,BB9,0.0098452,0.005599,0.010767,120
352,V8_T6_T9,V8,0.0059516,0.005589200000000001,0.009513,300
353,BB8_T4,BB8,0.0022156000000000003,0.0055874,0.009614,120
354,V3_T10,V3,0.004118800000000001,0.005586,0.0063,300
355,PB17_T10,PB17,0.0021548,0.0055856000000000005,0.006516,300
356,PB15_T10,PB15,0.0021548,0.0055856000000000005,0.006516,300
357,PB11_T4,PB11,0.0020094,0.0055596000000000005,0.009488,120
358,BB6_T1,BB6,0.0011268,0.0055592,0.009424,120
359,BB4_T1,BB4,0.0011268,0.0055592,0.009424,120
360,PB11_T3,PB11,0.0017686,0.005555200000000001,0.009354,120
361,PB3_T12,PB3,0.0051274,0.0055528,0.008602,300
362,BB5_T1,BB5,0.0011386,0.0055468,0.009414,120
363,BB13_T1,BB13,0.0011386,0.0055468,0.009414,120
364,BB1_T1,BB1,0.0011141999999999999,0.0055452,0.009423,120
365,BB8_T3,BB8,0.0018792,0.0055416,0.009367,120
366,BB12_T4,BB12,0.0020254,0.0055356,0.009464,120
367,PB9_T3,PB9,0.0011266,0.0055352,0.009412,120
368,PB9_T7,PB9,0.0011266,0.0055352,0.009412,120
369,PB9_T6,PB9,0.0011266,0.0055352,0.009412,120
370,PB9_T5,PB9,0.0011266,0.0055352,0.009412,120
371,PB9_T4,PB9,0.0011266,0.0055352,0.009412,120
372,PB9_T1,PB9,0.0011266,0.0055352,0.009412,120
373,PB9_T10,PB9,0.0011266,0.0055352,0.009412,120
374,PB9_T8,PB9,0.0011266,0.0055352,0.009412,120
375,PB9_T2,PB9,0.0011266,0.0055352,0.009412,120
376,PB9_T12,PB9,0.0011266,0.0055352,0.009412,120
377,PB9_T11,PB9,0.0011266,0.0055352,0.009412,120
378,PB9_T9,PB9,0.0011266,0.0055352,0.009412,120
379,PB11_T2,PB11,0.001371,0.0055314000000000006,0.009351,120
380,PB11_T1,PB11,0.001247,0.005529600000000001,0.009371,120
381,BB12_T3,BB12,0.0017729999999999998,0.005529,0.009332,120
382,BB15_T2,BB15,0.0013097999999999999,0.0055116,0.009331,120
383,BB12_T2,BB12,0.0013764,0.0054992,0.00933,120
384,BB12_T1,BB12,0.0012622,0.0054902,0.009346,120
385,BB8_T2,BB8,0.0014562,0.005487799999999999,0.009308,120
386,BB8_T1,BB8,0.0013289999999999999,0.0054654000000000005,0.009312,120
387,BB15_T1,BB15,0.0013088000000000002,0.0054578000000000005,0.009303,120
388,V8_T2_T9,V8,0.005378,0.005456000000000001,0.008188,10
389,VB3_T9,VB3,0.0120982,0.0054522,0.013496,300
390,VB4_T9,VB4,0.012099200000000001,0.0054522,0.013496,300
391,V8_T5_T10,V8,0.0020788,0.0054426000000000006,0.01933,300
392,V8_T6_T12,V8,0.00414,0.0054322,0.016581,300
393,BB7_T8,BB7,0.0008646000000000001,0.005426599999999999,0.008591,120
394,V8_T1_T9,V8,0.0044478,0.0053866,0.00911,10
395,V8_T4_T12,V8,0.0036643999999999995,0.0053755999999999995,0.014152,300
396,V8_T4_T10,V8,0.0031691999999999996,0.0053674,0.017444,300
397,V8_T3_T9,V8,0.0074886,0.0053602,0.007804,120
398,BB2_T7,BB2,0.0040354,0.0053572,0.006943,60
399,BB7_T7,BB7,0.0008504,0.0053196,0.008795,120
400,V8_T5_T8,V8,0.0041764,0.0052867999999999995,0.013407,120
401,V3_T9,V3,0.004122,0.0052686,0.006842,120
402,PV3_B6_T7,PV3,0.0018154,0.005251799999999999,0.00616,10
403,VB5_T4,VB5,0.028910400000000003,0.005249,0.007078,30
404,V1_T7,V1,0.0015657999999999998,0.0052406,0.005706,10
405,V4_T7,V4,0.0025928,0.005235399999999999,0.005693,10
406,V8_T4_T8,V8,0.0053552,0.0052154,0.012116,120
407,PV3_B5_T9,PV3,0.001754,0.005208,0.009055,300
408,PV3_B4_T6,PV3,0.0021458,0.005200399999999999,0.013432,300
409,V1_T8,V1,0.0019274,0.0051736,0.005904,10
410,V4_T8,V4,0.0024936,0.0051681999999999995,0.0059,10
411,BB9_T10,BB9,0.014382800000000001,0.0051654,0.01673,300
412,PV1_T6,PV1,0.0107802,0.00515,0.00836,30
413,PB16_T10,PB16,0.0018582000000000002,0.005092,0.006392,300
414,V8_T6_T11,V8,0.0045157999999999995,0.005085,0.019353,300
415,PV3_B5_T3,PV3,0.0035546,0.0050788,0.010333,300
416,PV3_B6_T8,PV3,0.0018985999999999999,0.0050318,0.006223,10
417,PV3_B4_T5,PV3,0.002108,0.0050295999999999995,0.013463,300
418,BB1_T12,BB1,0.0011179999999999999,0.0050004,0.008548,120
419,PV3_B4_T4,PV3,0.0024714,0.0049418000000000005,0.013662,300
420,PB2_T11,PB2,0.0193674,0.0049154,0.014484,300
421,BB6_T12,BB6,0.0010242,0.004902200000000001,0.00842,120
422,BB4_T12,BB4,0.0010242,0.004902200000000001,0.00842,120
423,PB2_T1,PB2,0.004681599999999999,0.0048984,0.009857,10
424,V2_T5,V2,0.0058984,0.0048858,0.010649,300
425,BB9_T7,BB9,0.0091474,0.004839,0.008201,300
426,PV3_B4_T1,PV3,0.0051015999999999995,0.0047804,0.013796,300
427,PV3_B4_T3,PV3,0.0027982,0.0047656,0.013796,300
428,PV3_B4_T2,PV3,0.0040598,0.0047472,0.013762,300
429,PB2_T7,PB2,0.013355,0.0047334000000000005,0.006875,60
430,V8_T6_T10,V8,0.0036563999999999998,0.0047164,0.01911,300
431,VB2_T8,VB2,0.0093884,0.0045966,0.011858,300
432,PV3_B5_T2,PV3,0.0048314,0.004593,0.009881,300
433,PB8_T10,PB8,0.0012752000000000002,0.0045688,0.005814,10
434,V8_T11_T12,V8,0.0025886,0.0045672,0.012321,300
435,PB15_T11,PB15,0.0021342,0.004563599999999999,0.005443,60
436,PB17_T11,PB17,0.0021342,0.004563599999999999,0.005443,60
437,PB6_T7,PB6,0.0166474,0.0045602,0.005928,300
438,V4_T5,V4,0.0022442,0.0045374,0.005458,300
439,V1_T5,V1,0.0011011999999999999,0.0045202,0.005432,300
440,V3_T12,V3,0.003456,0.0044878,0.005181,10
441,PB3_T7,PB3,0.006339600000000001,0.0044735999999999995,0.007141,10
442,PV3_B6_T5,PV3,0.0030566,0.004468,0.006202,300
443,V2_T9,V2,0.0061762,0.0044478,0.014519,300
444,PV3_B6_T4,PV3,0.0032481999999999997,0.004445,0.006052,300
445,PB2_T9,PB2,0.011405599999999998,0.0044386,0.009608,120
446,PV3_B4_T7,PV3,0.0015224,0.0044326,0.01268,300
447,PV3_B5_T1,PV3,0.0053248,0.0044048,0.009741,300
448,PB14_T11,PB14,0.0077242000000000005,0.0044042,0.013693,300
449,BB8_T10,BB8,0.0008992,0.0043971999999999995,0.007058,120
450,BB3_T8,BB3,0.0037272,0.0043948,0.00651,10
451,V8_T5_T9,V8,0.003933000000000001,0.0043792,0.009697,300
452,PB13_T7,PB13,0.007334199999999999,0.0043722,0.00642,60
453,PB4_T7,PB4,0.0073116,0.0043712,0.006422,60
454,PB12_T7,PB12,0.0073356,0.0043712,0.006422,60
455,PB1_T7,PB1,0.0073116,0.0043712,0.006422,60
456,PB5_T7,PB5,0.0073356,0.0043712,0.006422,60
457,V1_T4,V1,0.000701,0.0043422,0.005213,300
458,PV3_B4_T8,PV3,0.0016812,0.004321,0.012741,300
459,PV3_B6_T6,PV3,0.0026448,0.0043172,0.006008,300
460,PV3_B5_T10,PV3,0.0017198,0.0043126,0.007248,300
461,V4_T4,V4,0.0018868000000000003,0.0043086,0.005166,300
462,V4_T6,V4,0.002163,0.004305399999999999,0.005336,10
463,BB9_T4,BB9,0.030598400000000005,0.0043004,0.007189,30
464,PV3_B4_T10,PV3,0.0008893999999999999,0.0042822,0.012526,300
465,V1_T6,V1,0.000969,0.0042818000000000005,0.005299,10
466,V8_T1_T10,V8,0.0043944,0.004281200000000001,0.007656,10
467,PB8_T9,PB8,0.0048176,0.004276,0.0074,10
468,PV3_B4_T9,PV3,0.000987,0.0042548,0.012852,300
469,PB8_T11,PB8,0.000847,0.0042086,0.005239,10
470,VB6_T7,VB6,0.0060736,0.0041954,0.004553,10
471,PV3_B6_T9,PV3,0.0018465999999999999,0.0041898,0.00613,10
472,PB11_T11,PB11,0.00083,0.0041858,0.007455,120
473,BB12_T11,BB12,0.0008314,0.0041816,0.007454,120
474,BB12_T10,BB12,0.0008248,0.0041618,0.007767,120
475,PB11_T10,PB11,0.00083,0.0041616,0.007764,120
476,V8_T2_T10,V8,0.0050612,0.0041578000000000006,0.00915,300
477,VB6_T8,VB6,0.0071214,0.0041444,0.004882,10
478,VB4_T7,VB4,0.0130014,0.0041183999999999995,0.006409,300
479,VB3_T7,VB3,0.0130014,0.004118,0.006409,300
480,V4_T9,V4,0.0024052,0.0041136,0.00585,10
481,V1_T9,V1,0.0020274,0.0041126,0.005851,10
482,PB16_T11,PB16,0.0018813999999999997,0.0041102,0.005041,60
483,PV1_T3,PV1,0.010896600000000001,0.004095,0.005963,30
484,V3_T6,V3,0.0037673999999999997,0.0040836,0.005006,300
485,BB8_T11,BB8,0.0009358,0.0040482,0.005855,60
486,PB18_T10,PB18,0.0014069999999999998,0.0040228,0.005183,10
487,VB5_T7,VB5,0.014325399999999999,0.0040194,0.005848,300
488,PV3_B7_T7,PV3,0.0015295999999999999,0.0040138,0.005329,10
489,V8_T3_T10,V8,0.0062606,0.0039976,0.013284,300
490,PV3_B5_T11,PV3,0.0017514000000000002,0.003978,0.006665,300
491,V8_T4_T9,V8,0.004876,0.0039736,0.008516,300
492,PV3_B4_T12,PV3,0.0007816,0.0039534,0.012284,300
493,PV3_B4_T11,PV3,0.0007672,0.00394,0.011892,300
494,V8_T1_T11,V8,0.0048172,0.0038314,0.007416,10
495,VB2_T7,VB2,0.0094982,0.0038123999999999996,0.007545,300
496,V8_T7_T8,V8,0.0034430000000000003,0.0038074,0.011604,300
497,PV1_T2,PV1,0.009709400000000002,0.0038045999999999996,0.006193,300
498,PV3_B5_T12,PV3,0.001822,0.0038024,0.006764,300
499,PV3_B2_T8,PV3,0.0006762,0.0037984000000000004,0.004422,10
500,PV3_B1_T7,PV3,0.0007559999999999999,0.0037926,0.004904,10
501,PB2_T2,PB2,0.0028788,0.0037692000000000003,0.00736,30
502,VB5_T5,VB5,0.0251122,0.0037476000000000002,0.006977,10
503,BB10_T10,BB10,0.0008696000000000001,0.0037449999999999996,0.005011,10
504,PB7_T10,PB7,0.0008696000000000001,0.0037449999999999996,0.005011,10
505,PB18_T11,PB18,0.0012864,0.00371,0.005143,60
506,V2_T4,V2,0.0035361999999999998,0.0037048,0.011027,300
507,PV3_B2_T9,PV3,0.0006592000000000001,0.0036921999999999996,0.006474,300
508,PV3_B7_T8,PV3,0.0015983999999999998,0.0036874000000000004,0.005453,10
509,V2_T3,V2,0.0019562,0.0036846000000000005,0.008621,300
510,PV1_T12,PV1,0.005880600000000001,0.0036842,0.008843,120
511,VB1_T3,VB1,0.0031288,0.00366,0.009352,120
512,V8_T3_T11,V8,0.0068226,0.0036542000000000007,0.013145,300
513,PB7_T12,PB7,0.0037354,0.0036257999999999998,0.009044,300
514,BB10_T12,BB10,0.0037354,0.0036257999999999998,0.009044,300
515,V5,V5,0.0033848000000000003,0.0036238,0.004957,10
516,PV3_B2_T7,PV3,0.0007804,0.0036143999999999994,0.004398,10
517,PV3_B3_T9,PV3,0.0004739999999999999,0.0035778000000000003,0.005852,300
518,V8_T2_T11,V8,0.0055732,0.0035746,0.008892,300
519,PV3_B1_T8,PV3,0.0005924000000000001,0.0035582,0.00501,10
520,V8_T1_T12,V8,0.0050838,0.0035496,0.007402,10
521,PV3_B3_T8,PV3,0.0010014,0.0035241999999999995,0.004709,300
522,PV3_B6_T3,PV3,0.0030618,0.0035164000000000003,0.005189,300
523,PB14_T10,PB14,0.008815,0.0034968,0.010877,300
524,PV3_B1_T9,PV3,0.0008298,0.0034528000000000002,0.004898,10
525,BB9_T5,BB9,0.024465399999999998,0.0034072,0.006361,10
526,PV3_B7_T5,PV3,0.0027749999999999997,0.003401,0.004675,10
527,PB13_T11,PB13,0.0135372,0.0034008,0.010283,300
528,PB5_T11,PB5,0.01356,0.0033981999999999997,0.010266,300
529,PB1_T11,PB1,0.013569000000000001,0.0033981999999999997,0.010266,300
530,PB12_T11,PB12,0.01356,0.0033981999999999997,0.010266,300
531,PB4_T11,PB4,0.013569000000000001,0.0033981999999999997,0.010266,300
532,PB3_T8,PB3,0.0064811999999999995,0.0033922,0.007362,300
533,PB14_T8,PB14,0.0046882,0.0033661999999999997,0.006869,300
534,VB4_T8,VB4,0.0105874,0.0033628000000000004,0.008031,300
535,VB3_T8,VB3,0.010585599999999999,0.0033628000000000004,0.008031,300
536,PV1_T8,PV1,0.014039400000000002,0.0033447999999999998,0.007047,300
537,PB18_T12,PB18,0.004226,0.0033242000000000002,0.008595,300
538,BB9_T6,BB9,0.0165276,0.0033158,0.005125,10
539,V3_T4,V3,0.0029308,0.0032862000000000004,0.004499,10
540,PV3_B2_T10,PV3,0.0007592,0.0032857999999999997,0.009261,300
541,PB7_T11,PB7,0.0008123999999999999,0.003281,0.004613,10
542,BB10_T11,BB10,0.0008123999999999999,0.003281,0.004613,10
543,V8_T1_T3,V8,0.0014824,0.0032793999999999996,0.006037,10
544,PV3_B7_T4,PV3,0.0028460000000000004,0.0032682,0.004205,30
545,PV3_B3_T11,PV3,0.0006356,0.003259,0.007773,300
546,PV3_B2_T12,PV3,0.0009420000000000001,0.003255,0.007438,300
547,PV3_B3_T10,PV3,0.00048200000000000006,0.0032534,0.007997,300
548,VB5_T8,VB5,0.0122586,0.003248,0.005994,120
549,PB14_T7,PB14,0.007653599999999999,0.0032312,0.004997,60
550,PV3_B3_T12,PV3,0.0007392,0.0032202000000000003,0.007492,300
551,PV3_B3_T7,PV3,0.0010088,0.0032168,0.004627,300
552,V8_T2_T12,V8,0.0057858,0.0032,0.006402,10
553,VB6_T9,VB6,0.0066548,0.0031919999999999995,0.004703,10
554,PV3_B2_T11,PV3,0.0009786,0.0031850000000000003,0.009113,300
555,PB18_T9,PB18,0.0047714,0.0031784,0.005683,10
556,BB10_T9,BB10,0.0056858,0.0031478,0.005663,10
557,PB7_T9,PB7,0.0056858,0.0031478,0.005663,10
558,PV3_B7_T6,PV3,0.0023206,0.0031438,0.004913,10
559,VB1_T10,VB1,0.001602,0.0031116,0.010244,300
560,VB5_T6,VB5,0.0195666,0.0030862,0.006636,30
561,BB2_T9,BB2,0.0039001999999999995,0.0030754,0.004294,10
562,PB5_T8,PB5,0.0113328,0.0030688,0.006105,300
563,PB1_T8,PB1,0.011361399999999999,0.0030688,0.006105,300
564,PB4_T8,PB4,0.011361399999999999,0.0030688,0.006105,300
565,PB12_T8,PB12,0.0113328,0.0030688,0.006105,300
566,PB13_T8,PB13,0.011332400000000001,0.0030683999999999998,0.006088,300
567,BB12_T12,BB12,0.001112,0.0030429999999999997,0.007651,300
568,PB11_T12,PB11,0.0011176,0.0030414,0.007648,300
569,V8_T5_T6,V8,0.0021809999999999998,0.002988,0.004381,30
570,BB3_T9,BB3,0.0089762,0.002986,0.006303,300
571,PV3_B1_T5,PV3,0.0016385999999999998,0.0029744,0.004349,30
572,PV3_B1_T10,PV3,0.0009209999999999999,0.0029679999999999997,0.005011,300
573,PV3_B3_T4,PV3,0.0015124,0.0029666,0.00532,300
574,V8_T4_T6,V8,0.0032706,0.002944,0.005398,10
575,V8_T10_T11,V8,0.0015095999999999998,0.0029316000000000004,0.005207,120
576,BB2_T10,BB2,0.0027941999999999997,0.0029255999999999996,0.005016,10
577,PB3_T9,PB3,0.0073118,0.0029148,0.007467,300
578,V4_T10,V4,0.0024288,0.0029108000000000003,0.005126,10
579,V1_T10,V1,0.002183,0.0029102,0.005127,10
580,V8_T3_T12,V8,0.006895,0.0029052,0.009454,300
581,V2_T6,V2,0.0046194,0.0028963999999999995,0.007702,300
582,BB8_T12,BB8,0.0009488,0.0028882,0.010729,300
583,PB6_T11,PB6,0.0083122,0.0028732000000000002,0.008808,300
584,PV3_B2_T4,PV3,0.0013948,0.0028606,0.003411,60
585,V8_T2_T3,V8,0.0016137999999999999,0.0028496,0.00585,10
586,PB17_T9,PB17,0.0032355999999999995,0.002845,0.005899,10
587,PB15_T9,PB15,0.0032355999999999995,0.002845,0.005899,10
588,V3_T5,V3,0.0031022000000000003,0.0028446,0.003886,10
589,PV3_B1_T4,PV3,0.0013832,0.0028393999999999997,0.004027,30
590,PV3_B3_T3,PV3,0.0021866,0.0028288000000000002,0.005935,300
591,V2_T2,V2,0.001321,0.0028213999999999995,0.006421,300
592,PV3_B2_T5,PV3,0.0016192,0.00282,0.003758,10
593,PV3_B1_T11,PV3,0.001141,0.002817,0.004746,300
594,PV3_B6_T12,PV3,0.002084,0.002801,0.005574,10
595,PV1_T7,PV1,0.0187732,0.0027987999999999997,0.005252,60
596,PV3_B3_T5,PV3,0.0015192,0.0027986,0.00532,300
597,PV3_B1_T12,PV3,0.0011166,0.0027952,0.00445,10
598,VB6_T11,VB6,0.0061634,0.0027879999999999997,0.004424,10
599,PV3_B7_T9,PV3,0.0017142000000000001,0.0027847999999999996,0.00533,10
600,VB6_T10,VB6,0.006199,0.0027752,0.004436,10
601,PV3_B1_T6,PV3,0.0014648,0.0027736,0.004423,10
602,PV3_B6_T2,PV3,0.0041268,0.0027554000000000003,0.004362,300
603,V8_T10_T12,V8,0.0023534,0.0027451999999999997,0.011666,300
604,PV3_B3_T2,PV3,0.0030942,0.0027412,0.006528,300
605,BB2_T8,BB2,0.0038748,0.0027266,0.003967,10
606,V4_T11,V4,0.002631,0.0027034000000000003,0.005074,10
607,V1_T11,V1,0.0023884,0.002701,0.00507,10
608,PV3_B2_T6,PV3,0.0014396,0.0026918000000000003,0.003895,10
609,PV3_B6_T10,PV3,0.0018756000000000003,0.0026804000000000003,0.005625,10
610,PB12_T10,PB12,0.0086724,0.0026742000000000003,0.005767,300
611,PB4_T10,PB4,0.0086724,0.0026742000000000003,0.005767,300
612,PB1_T10,PB1,0.0086724,0.0026742000000000003,0.005767,300
613,PB5_T10,PB5,0.0086724,0.0026742000000000003,0.005767,300
614,PB13_T10,PB13,0.008645,0.0026726,0.005758,300
615,V1_T12,V1,0.0026544,0.0026708,0.005179,10
616,V4_T12,V4,0.0027754,0.0026706,0.005179,10
617,V8_T4_T5,V8,0.0041946,0.0026652,0.00456,300
618,PV3_B3_T1,PV3,0.0036758,0.0026562,0.007065,300
619,PV3_B3_T6,PV3,0.0014418,0.0026346,0.005323,300
620,PB1_T12,PB1,0.0008227999999999999,0.002633,0.008878,300
621,PB12_T12,PB12,0.0008224,0.002633,0.008878,300
622,PB4_T12,PB4,0.0008227999999999999,0.002633,0.008878,300
623,PB5_T12,PB5,0.0008224,0.002633,0.008878,300
624,VB1_T12,VB1,0.0150404,0.0026299999999999995,0.005652,300
625,PB13_T12,PB13,0.0008123999999999999,0.0026236000000000002,0.008795,300
626,PV3_B7_T10,PV3,0.0017572,0.0026112,0.004737,10
627,PV3_B7_T11,PV3,0.0019387999999999999,0.0025910000000000004,0.004655,10
628,BB3_T11,BB3,0.014460400000000002,0.0025494,0.003835,60
629,PB8_T12,PB8,0.0014732,0.0025208,0.005653,300
630,VB6_T6,VB6,0.0023623999999999997,0.0025206,0.003727,10
631,BB2_T11,BB2,0.0031383999999999995,0.0025132,0.003531,60
632,V1_T3,V1,0.0006154,0.0024587999999999997,0.003593,300
633,V4_T3,V4,0.0012004000000000001,0.0024468,0.003595,300
634,PV3_B6_T11,PV3,0.0020256,0.0024346,0.005544,10
635,VB6_T12,VB6,0.0047242,0.0023983999999999998,0.003953,10
636,PV3_B7_T12,PV3,0.0019866,0.0023558,0.004654,10
637,BB2_T12,BB2,0.0013364000000000002,0.0023376,0.006384,300
638,PV3_B2_T3,PV3,0.0016916000000000001,0.002301,0.004108,300
639,PV3_B6_T1,PV3,0.0041742,0.0022946,0.00402,300
640,PB6_T6,PB6,0.0056316000000000005,0.0022727999999999997,0.004001,30
641,PV3_B7_T3,PV3,0.0025524,0.002228,0.003549,10
642,PB16_T9,PB16,0.0033828000000000005,0.0022198,0.004704,10
643,VB5_T9,VB5,0.0129522,0.0021998,0.003591,120
644,VB6_T5,VB6,0.0017498,0.0021446,0.003549,10
645,BB3_T10,BB3,0.014354800000000001,0.0020868,0.003273,60
646,V2_T1,V2,0.0012822,0.0020658000000000004,0.005355,300
647,VB6_T4,VB6,0.0014145999999999998,0.0020514,0.00362,10
648,PV3_B2_T2,PV3,0.0024522000000000003,0.0020292,0.004888,300
649,V8_T1_T2,V8,0.0012546,0.002006,0.004351,10
650,PB6_T5,PB6,0.0029246000000000003,0.0019692,0.003224,30
651,PB6_T9,PB6,0.004344,0.0019516,0.003203,120
652,PB6_T4,PB6,0.003994800000000001,0.0019232,0.003763,60
653,PV3_B2_T1,PV3,0.002833,0.0019200000000000003,0.00521,300
654,PB3_T10,PB3,0.0083578,0.0019194,0.004051,300
655,PB14_T12,PB14,0.0090458,0.0018922000000000001,0.002936,300
656,PV1_T1,PV1,0.006465,0.0018848,0.005498,300
657,V3_T3,V3,0.0013402000000000002,0.001883,0.00254,60
658,V2_T12,V2,0.0020013999999999995,0.0018788,0.006389,300
659,PB6_T10,PB6,0.0067767999999999995,0.001719,0.001952,60
660,V2_T11,V2,0.0064568,0.0016964,0.002692,120
661,VB6_T3,VB6,0.0010358,0.0016424,0.003141,10
662,PV3_B1_T3,PV3,0.0016060000000000002,0.001623,0.003207,10
663,PB14_T9,PB14,0.0023168,0.0016066000000000001,0.004929,300
664,V1_T2,V1,0.0004968,0.0015512,0.002484,300
665,BB3_T12,BB3,0.0085434,0.0014735999999999998,0.00242,10
666,PV3_B7_T2,PV3,0.0033981999999999997,0.0014583999999999999,0.002274,30
667,V4_T2,V4,0.001179,0.0014562,0.002364,300
668,PB3_T11,PB3,0.0088754,0.0014024,0.002943,300
669,V3_T2,V3,0.0015856,0.0013724,0.001739,60
670,VB1_T2,VB1,0.001277,0.0013502,0.00259,120
671,VB6_T2,VB6,0.0005368,0.0013456000000000002,0.002331,10
672,V2_T8,V2,0.0110722,0.0013058,0.004189,300
673,PV3_B1_T2,PV3,0.0021165999999999997,0.0012822,0.002156,30
674,PB15_T12,PB15,0.0012304,0.0012692,0.002593,10
675,PB17_T12,PB17,0.0012304,0.0012692,0.002593,10
676,V2_T7,V2,0.006558400000000001,0.001134,0.002653,300
677,PV3_B1_T1,PV3,0.0023494,0.0010957999999999999,0.001711,300
678,VB6_T1,VB6,0.0010218,0.0010894,0.002274,10
679,PB16_T12,PB16,0.001247,0.0010448,0.002138,120
680,PV3_B7_T1,PV3,0.003175,0.0010018,0.001645,30
681,V1_T1,V1,0.0005188,0.0009844,0.00163,300
682,PB13_T9,PB13,0.017516,0.0009325999999999999,0.002065,120
683,PB12_T9,PB12,0.017530999999999998,0.0009325999999999999,0.002052,120
684,PB1_T9,PB1,0.0175346,0.0009325999999999999,0.002052,120
685,PB4_T9,PB4,0.0175346,0.0009325999999999999,0.002052,120
686,PB5_T9,PB5,0.017530999999999998,0.0009325999999999999,0.002052,120
687,V4_T1,V4,0.0007122,0.0007756,0.001469,300
688,PB6_T8,PB6,0.0147122,0.0006776,0.001356,30
689,VB1_T1,VB1,0.0012418,0.0006387999999999999,0.001174,60
690,V3_T1,V3,0.000832,0.0005678,0.000963,30
691,V2_T10,V2,0.0065152000000000005,0.0005332,0.001166,10
