feature,family,vif,r2_vs_all_others
BB1_T1,BB1,478089636966.6016,1.0
PV3_B5_T11,PV3,274071476284.2738,1.0
BB13_T5,BB13,36760297568.3511,1.0
PV3_B6_T8,PV3,272540649226.5536,1.0
PV3_B6_T5,PV3,266865739976.3408,1.0
BB13_T2,BB13,3879079787.0169,1.0
PV3_B6_T4,PV3,34665340742.4084,1.0
BB8_T11,BB8,61701208115.4065,1.0
BB9_T1,BB9,9873646.5743,1.0
BB12_T2,BB12,160603602.54,1.0
PV3_B5_T12,PV3,72297103067.7905,1.0
BB12_T11,BB12,7054169.681,1.0
BB12_T10,BB12,8482236.7078,1.0
BB12_T9,BB12,6797626.4539,1.0
BB12_T8,BB12,8311941.1898,1.0
BB12_T7,BB12,9469274.1105,1.0
PV3_B5_T10,PV3,25709141064.7473,1.0
BB13_T7,BB13,42392389916.798,1.0
PV3_B1_T1,PV3,227280296721.5316,1.0
BB12_T1,BB12,258870855.6549,1.0
BB9_T2,BB9,128508712.6492,1.0
BB9_T3,BB9,174511375.035,1.0
BB9_T4,BB9,104021704.644,1.0
PV3_B5_T5,PV3,194696636849.2248,1.0
BB9_T6,BB9,22197642.6752,1.0
PV3_B5_T3,PV3,336216722355.1942,1.0
PV3_B5_T1,PV3,68313424052.5609,1.0
BB9_T8,BB9,582358251.7828,1.0
BB9_T9,BB9,3737464424.7208,1.0
PV3_B4_T10,PV3,48578944906.0201,1.0
BB9_T10,BB9,5966254225.0207,1.0
BB9_T11,BB9,7394498843.7189,1.0
BB8_T8,BB8,441638629852.5666,1.0
PV3_B6_T11,PV3,72347364174.5,1.0
BB7_T9,BB7,276800999242.9643,1.0
PB13_T8,PB13,205329104.4376,1.0
PB12_T6,PB12,942453642.6721,1.0
PB12_T7,PB12,1820473646.3268,1.0
BB13_T11,BB13,176559051001.0997,1.0
BB13_T10,BB13,81476722993.5496,1.0
PB12_T10,PB12,10724975721.9595,1.0
PB12_T11,PB12,21850081423.5131,1.0
BB1_T2,BB1,102963916825.1278,1.0
PB13_T1,PB13,39985174.1244,1.0
PB13_T2,PB13,59382052.284,1.0
PB13_T3,PB13,80504598.2935,1.0
PB13_T4,PB13,138842123.9306,1.0
PB13_T5,PB13,234829954.8052,1.0
PB13_T6,PB13,194569454.3999,1.0
PB13_T7,PB13,133499991.775,1.0
PB13_T9,PB13,222788405.0487,1.0
BB8_T5,BB8,232886103882.7866,1.0
PB13_T10,PB13,383655406.7318,1.0
PB13_T11,PB13,319454125.7143,1.0
PB13_T12,PB13,41479781.2008,1.0
BB11_T8,BB11,8435751.1918,1.0
BB7_T10,BB7,142198114440.4046,1.0
BB7_T12,BB7,25363538767.5436,1.0
BB8_T1,BB8,52431414219.5763,1.0
BB8_T2,BB8,52449136834.8973,1.0
PV3_B7_T7,PV3,208718060590.3754,1.0
PV3_B7_T6,PV3,23154186207.4402,1.0
BB8_T3,BB8,82290187823.9236,1.0
PV3_B7_T4,PV3,115206024606.3748,1.0
PV3_B7_T3,PV3,663235165230.4673,1.0
BB8_T4,BB8,503991854513.8019,1.0
VB2_T1,VB2,90737307.816,1.0
BB12_T6,BB12,36592054.7236,1.0
VB2_T3,VB2,2802322.2644,1.0
BB11_T3,BB11,61173949.1707,1.0
PV3_B4_T6,PV3,294981250920.6398,1.0
BB9_T12,BB9,380695829.9715,1.0
BB10_T3,BB10,19535650.6054,1.0
BB10_T5,BB10,3662723.9205,1.0
BB10_T7,BB10,27523396.824,1.0
BB10_T8,BB10,34860737.4623,1.0
BB11_T11,BB11,7107400.3864,1.0
PV3_B1_T5,PV3,375556106701.5951,1.0
PV3_B3_T8,PV3,147550992692.1123,1.0
PV3_B3_T6,PV3,226275086863.0475,1.0
BB10_T12,BB10,120332981.9078,1.0
BB11_T1,BB11,259458705.7689,1.0
BB11_T2,BB11,160849062.3859,1.0
PV3_B2_T12,PV3,86027892707.6867,1.0
BB11_T4,BB11,55539312.3489,1.0
VB2_T4,VB2,38907649.0183,1.0
BB11_T10,BB11,8535593.1815,1.0
BB11_T9,BB11,6942326.1314,1.0
BB11_T5,BB11,63321710.3149,1.0
PV3_B2_T8,PV3,339876669984.6957,1.0
PV3_B2_T7,PV3,151869197268.9459,1.0
PV3_B2_T6,PV3,200024433544.412,1.0
PV3_B2_T5,PV3,58713252730.6527,1.0
BB11_T6,BB11,36764942.6194,1.0
PV3_B2_T3,PV3,55229872146.0057,1.0
PV3_B2_T2,PV3,34071634336.8038,1.0
BB11_T7,BB11,9599775.433,1.0
PV3_B1_T12,PV3,132220083071.9443,1.0
PV3_B1_T11,PV3,80266689326.3039,1.0
PV3_B1_T10,PV3,2132129344.7924,1.0
PV3_B4_T7,PV3,180177842072.1302,1.0
VB4_T12,VB4,1654326389.0211,1.0
VB4_T11,VB4,2154098445.9791,1.0
VB4_T10,VB4,1934561731.6977,1.0
BB12_T5,BB12,62994153.6679,1.0
VB2_T6,VB2,28728844.1073,1.0
BB12_T4,BB12,55354901.5022,1.0
BB12_T3,BB12,61041304.6003,1.0
VB2_T9,VB2,41064750.7157,1.0
VB2_T10,VB2,8275732.4979,1.0
VB2_T11,VB2,13132427.9571,1.0
VB2_T12,VB2,47961525.7376,1.0
VB3_T1,VB3,62245948.2421,1.0
VB3_T2,VB3,84835112.2561,1.0
VB3_T3,VB3,122411322.4129,1.0
VB3_T4,VB3,222466626.1321,1.0
VB3_T5,VB3,352204397.5365,1.0
VB3_T6,VB3,312540553.8766,1.0
VB3_T7,VB3,262984741.6651,1.0
VB3_T8,VB3,583045209.6338,1.0
VB3_T9,VB3,879955882.9681,1.0
VB3_T10,VB3,1934488717.5094,1.0
VB3_T11,VB3,2154185805.2987,1.0
VB3_T12,VB3,1654147574.9843,1.0
VB4_T1,VB4,62237947.4506,1.0
VB4_T2,VB4,84817977.2832,1.0
VB4_T3,VB4,122392340.2607,1.0
VB4_T4,VB4,222427258.5046,1.0
VB4_T5,VB4,352145625.0627,1.0
VB4_T6,VB4,312505137.1407,1.0
VB4_T7,VB4,263026141.5779,1.0
VB4_T8,VB4,583150161.6201,1.0
VB4_T9,VB4,880118280.5814,1.0
PB12_T5,PB12,1779922802.0124,1.0
PV3_B1_T9,PV3,111268505238.5651,1.0
PB12_T3,PB12,186340949.6444,1.0
BB4_T4,BB4,103388445078.4497,1.0
BB15_T6,BB15,228710092893.7984,1.0
BB4_T3,BB4,191549272596.9577,1.0
PB5_T3,PB5,186559793.8004,1.0
BB15_T4,BB15,200562612069.7917,1.0
PB5_T5,PB5,1779814750.9161,1.0
PB5_T6,PB5,942203495.0762,1.0
PB5_T7,PB5,1820356324.3102,1.0
BB7_T2,BB7,116007012485.8015,1.0
BB15_T2,BB15,268550456269.007,1.0
PB5_T10,PB5,10727760249.2409,1.0
PB5_T11,PB5,21853401289.209,1.0
BB15_T1,BB15,352371175916.8014,1.0
BB14_T1,BB14,218784232641.0156,1.0
BB3_T10,BB3,10756551172.7264,1.0
PB7_T3,PB7,19535724.3639,1.0
BB7_T3,BB7,488126429507.6256,1.0
PB7_T5,PB7,3662700.9798,1.0
BB3_T8,BB3,1239534994.0685,1.0
PB7_T7,PB7,27523271.0696,1.0
PB7_T8,PB7,34860846.3856,1.0
BB3_T7,BB3,554244177.3618,1.0
BB14_T7,BB14,191870575845.348,1.0
BB14_T6,BB14,29130844085.4776,1.0
PB7_T12,PB7,120332857.8082,1.0
BB3_T6,BB3,265620814.3887,1.0
BB3_T4,BB3,370283451.297,1.0
BB3_T2,BB3,13790235.6464,1.0
PB4_T12,PB4,29423577052.086,1.0
BB4_T5,BB4,48764687699.2352,1.0
BB7_T6,BB7,167403978281.149,1.0
BB15_T9,BB15,383485982373.2854,1.0
BB5_T11,BB5,174662654864.7615,1.0
BB5_T10,BB5,85588030086.7047,1.0
BB6_T3,BB6,190623647000.9966,1.0
BB22,BB22,8492778558.7433,1.0
PB1_T7,PB1,1809884042.8287,1.0
PB1_T8,PB1,1641338546.9155,1.0
BB6_T4,BB6,102427582938.5346,1.0
BB20,BB20,124527044017.446,1.0
BB5_T7,BB5,43691197190.8101,1.0
PB1_T12,PB1,29424307039.4394,1.0
BB6_T5,BB6,48920089657.7127,1.0
BB5_T5,BB5,42422689247.968,1.0
BB6_T6,BB6,80164863760.5263,1.0
BB6_T7,BB6,51313364777.5836,1.0
BB5_T2,BB5,4594429284.3757,1.0
BB6_T8,BB6,129359422999.8645,1.0
BB6_T9,BB6,46433251398.8219,1.0
BB4_T9,BB4,47024476036.7602,1.0
BB4_T8,BB4,129945981037.5213,1.0
BB4_T7,BB4,50601886422.4153,1.0
BB4_T6,BB4,77820810553.374,1.0
BB16,BB16,346209827909.015,1.0
BB15_T12,BB15,392087972735.0486,1.0
BB15_T11,BB15,574901314171.9464,1.0
BB15_T10,BB15,357060049939.8067,1.0
PB4_T7,PB4,1809848923.604,1.0
PB4_T8,PB4,1641387912.2452,1.0
BB3_T1,BB3,27158192.838,1.0
BB3_T11,BB3,16615602181.0238,1.0
BB1_T11,BB1,630486338752.0957,1.0
BB1_T10,BB1,487938805458.189,1.0
BB14_T4,BB14,120461325961.2241,1.0
BB1_T6,BB1,143851548061.1858,1.0
BB1_T8,BB1,135619865978.056,1.0
BB7_T7,BB7,283443132252.5688,1.0
BB14_T5,BB14,99293545829.0794,1.0
BB1_T7,BB1,121374135379.322,1.0
BB1_T4,BB1,402560893900.3202,1.0
BB11_T12,BB11,1711786.5642,0.999999
PB15_T9,PB15,1178607.3046,0.999999
BB12_T12,BB12,1675311.9598,0.999999
PB17_T9,PB17,1178599.9879,0.999999
PB11_T10,PB11,917468.684,0.999999
PB10_T9,PB10,781087.8447,0.999999
PB11_T12,PB11,957087.6364,0.999999
PB10_T11,PB10,958965.737,0.999999
PB11_T11,PB11,940938.3151,0.999999
PB10_T12,PB10,982577.3551,0.999999
PB11_T9,PB11,710309.7666,0.999999
PB10_T10,PB10,918392.5397,0.999999
PB10_T7,PB10,461058.0414,0.999998
PB10_T8,PB10,641830.6361,0.999998
PB15_T10,PB15,582148.9941,0.999998
PB11_T8,PB11,591034.665,0.999998
PB17_T10,PB17,582195.6375,0.999998
VB5_T11,VB5,525090.322,0.999998
VB5_T10,VB5,554791.2441,0.999998
PB11_T7,PB11,406568.0772,0.999998
PB10_T5,PB10,294173.0183,0.999997
PB10_T6,PB10,307460.5502,0.999997
PB11_T5,PB11,295049.5798,0.999997
PB11_T6,PB11,303850.7568,0.999997
PB3_T5,PB3,369784.6374,0.999997
VB5_T5,VB5,275471.3893,0.999996
PB11_T1,PB11,248967.6302,0.999996
PB10_T4,PB10,248996.2653,0.999996
VB5_T9,VB5,284349.2415,0.999996
PB15_T2,PB15,271729.3362,0.999996
PB11_T4,PB11,253097.6769,0.999996
VB5_T8,VB5,242891.9258,0.999996
PB10_T1,PB10,247129.8708,0.999996
PB17_T2,PB17,271726.4003,0.999996
PB11_T2,PB11,187087.4538,0.999995
PB11_T3,PB11,198382.7192,0.999995
PB10_T3,PB10,195084.1526,0.999995
PB3_T6,PB3,213493.4788,0.999995
VB5_T6,VB5,216085.5781,0.999995
PB10_T2,PB10,188910.0531,0.999995
VB5_T4,VB5,155948.1119,0.999994
VB5_T7,VB5,138998.2736,0.999993
VB5_T12,VB5,122544.4326,0.999992
PB15_T7,PB15,89616.752,0.999989
PB17_T7,PB17,89621.2162,0.999989
VB5_T3,VB5,81038.0379,0.999988
PB3_T4,PB3,82703.9795,0.999988
PB15_T3,PB15,73146.5575,0.999986
PB17_T3,PB17,73149.8507,0.999986
PB6_T5,PB6,67643.3066,0.999985
VB5_T2,VB5,62929.6778,0.999984
PB9_T11,PB9,57691.436,0.999983
PB3_T8,PB3,55579.6058,0.999982
VB5_T1,VB5,42999.5171,0.999977
PB6_T10,PB6,44416.0973,0.999977
PB3_T9,PB3,43609.7259,0.999977
PB6_T6,PB6,41905.8292,0.999976
PB6_T9,PB6,37183.6893,0.999973
PB3_T7,PB3,31037.3819,0.999968
PB16_T11,PB16,21944.0981,0.999954
PB16_T10,PB16,19623.811,0.999949
PB6_T4,PB6,19084.3621,0.999948
PB6_T8,PB6,18863.5187,0.999947
PB6_T11,PB6,15442.2335,0.999935
V4_T11,V4,15113.7078,0.999934
PB3_T10,PB3,13499.9945,0.999926
PB16_T12,PB16,13000.164,0.999923
V4_T10,V4,12042.9584,0.999917
V1_T11,V1,10817.6593,0.999908
PB9_T4,PB9,8737.0417,0.999886
PB9_T3,PB9,7983.4359,0.999875
V1_T10,V1,7912.6992,0.999874
PB9_T9,PB9,7721.7701,0.99987
PB16_T9,PB16,7092.0007,0.999859
PB6_T7,PB6,7004.7985,0.999857
PB9_T8,PB9,6735.35,0.999852
PB9_T6,PB9,6658.4233,0.99985
PB9_T5,PB9,5198.2371,0.999808
PB3_T3,PB3,4798.4798,0.999792
PB9_T12,PB9,4638.9771,0.999784
PB16_T8,PB16,4019.6377,0.999751
V4_T12,V4,3946.4612,0.999747
V8_T5_T10,V8,3800.8795,0.999737
V8_T5_T11,V8,3589.0324,0.999721
PB9_T7,PB9,3543.0356,0.999718
V1_T12,V1,3158.3792,0.999683
PB3_T11,PB3,2624.3707,0.999619
V8_T6_T10,V8,2619.7144,0.999618
V8_T6_T11,V8,2516.9657,0.999603
PB6_T3,PB6,2516.8203,0.999603
V8_T4_T10,V8,2473.286,0.999596
V8_T4_T11,V8,2304.1854,0.999566
V4_T9,V4,1922.6583,0.99948
V8_T8_T11,V8,1587.6876,0.99937
V8_T3_T10,V8,1361.9759,0.999266
V8_T8_T10,V8,1311.5517,0.999238
V8_T5_T9,V8,1282.9138,0.999221
V8_T3_T11,V8,1271.5241,0.999214
V4_T8,V4,1244.24,0.999196
VB6_T10,VB6,1235.5029,0.999191
PB16_T7,PB16,1228.3008,0.999186
V8_T2_T10,V8,1225.0112,0.999184
V8_T2_T11,V8,1138.141,0.999121
VB6_T11,VB6,1132.0629,0.999117
V8_T7_T11,V8,1132.7632,0.999117
V8_T9_T11,V8,1128.9054,0.999114
V8_T7_T10,V8,1091.8272,0.999084
V8_T1_T10,V8,1066.9021,0.999063
PB18_T11,PB18,984.4918,0.998984
V8_T1_T11,V8,979.5078,0.998979
PB18_T10,PB18,974.5621,0.998974
V8_T6_T9,V8,912.6387,0.998904
V8_T4_T9,V8,813.7717,0.998771
V1_T9,V1,804.9331,0.998758
V8_T5_T8,V8,800.8448,0.998751
PB6_T2,PB6,760.6252,0.998685
V8_T9_T10,V8,668.2097,0.998503
PB16_T6,PB16,635.0584,0.998425
PB2_T11,PB2,578.4878,0.998271
V8_T6_T8,V8,556.647,0.998204
PB16_T5,PB16,556.7953,0.998204
PB2_T7,PB2,550.0762,0.998182
V8_T4_T8,V8,531.75,0.998119
PB2_T9,PB2,530.2425,0.998114
V1_T8,V1,525.0739,0.998096
PB18_T5,PB18,524.4825,0.998093
V8_T5_T12,V8,519.0353,0.998073
V4_T5,V4,515.5791,0.99806
VB6_T9,VB6,511.372,0.998044
PB2_T4,PB2,505.534,0.998022
PB18_T9,PB18,502.1844,0.998009
PB3_T2,PB3,471.6786,0.99788
PB18_T6,PB18,455.2999,0.997804
PB18_T8,PB18,455.1551,0.997803
V4_T6,V4,450.8712,0.997782
V8_T3_T9,V8,442.9016,0.997742
V4_T7,V4,425.9931,0.997653
V8_T10_T12,V8,424.9357,0.997647
V8_T6_T12,V8,409.9831,0.997561
V8_T2_T9,V8,390.0412,0.997436
V8_T8_T12,V8,383.1729,0.99739
VB6_T8,VB6,378.7341,0.99736
PB6_T1,PB6,374.9775,0.997333
V8_T9_T12,V8,369.2861,0.997292
PB18_T12,PB18,353.6626,0.997172
V8_T7_T9,V8,339.7573,0.997057
V8_T1_T9,V8,328.8214,0.996959
PB8_T10,PB8,326.1973,0.996934
PB18_T7,PB18,325.6835,0.99693
V8_T2_T5,V8,315.214,0.996828
V8_T3_T8,V8,313.4781,0.99681
PB18_T4,PB18,312.3398,0.996798
PB2_T3,PB2,307.1269,0.996744
PB8_T11,PB8,304.1828,0.996713
V8_T4_T12,V8,303.4866,0.996705
V8_T5_T7,V8,301.9142,0.996688
V8_T2_T8,V8,295.7733,0.996619
V8_T1_T5,V8,290.0298,0.996552
V4_T4,V4,262.8989,0.996196
PB16_T4,PB16,259.4452,0.996146
V8_T2_T6,V8,255.8583,0.996092
V8_T1_T8,V8,253.3271,0.996053
V8_T7_T12,V8,241.7986,0.995864
V8_T1_T6,V8,232.1962,0.995693
V8_T4_T7,V8,225.2881,0.995561
V8_T3_T5,V8,219.6776,0.995448
V8_T11_T12,V8,215.5808,0.995361
PB6_T12,PB6,208.7968,0.995211
V8_T3_T6,V8,202.8225,0.99507
PB18_T3,PB18,198.315,0.994958
V8_T4_T6,V8,195.7324,0.994891
VB6_T5,VB6,194.9112,0.994869
V1_T7,V1,184.6746,0.994585
PB8_T5,PB8,180.3545,0.994455
PB3_T1,PB3,171.6044,0.994173
VB6_T6,VB6,171.2935,0.994162
V8_T3_T12,V8,155.2579,0.993559
VB6_T7,VB6,152.0712,0.993424
V8_T2_T4,V8,151.2052,0.993386
V8_T6_T7,V8,149.914,0.99333
V8_T2_T7,V8,149.3295,0.993303
V8_T3_T7,V8,146.6141,0.993179
V8_T1_T4,V8,146.5872,0.993178
PB18_T1,PB18,137.6219,0.992734
V8_T1_T7,V8,132.2957,0.992441
PB8_T9,PB8,130.8218,0.992356
PB8_T6,PB8,129.7998,0.992296
V8_T2_T12,V8,125.2701,0.992017
PB18_T2,PB18,120.3395,0.99169
PB2_T1,PB2,117.4319,0.991484
V1_T6,V1,114.3211,0.991253
V8_T10_T11,V8,113.3296,0.991176
V8_T7_T8,V8,109.3546,0.990855
V8_T8_T9,V8,108.3017,0.990767
V8_T1_T12,V8,102.1002,0.990206
VB6_T12,VB6,99.9668,0.989997
PB8_T8,PB8,98.4276,0.98984
V4_T3,V4,97.8255,0.989778
V8_T4_T5,V8,95.5002,0.989529
V1_T5,V1,87.9247,0.988627
PB8_T4,PB8,86.3131,0.988414
V3_T5,V3,85.1073,0.98825
VB6_T4,VB6,84.6058,0.98818
V3_T10,V3,83.0037,0.987952
PB16_T3,PB16,79.6342,0.987443
V3_T11,V3,76.9217,0.987
V3_T6,V3,61.2167,0.983665
V8_T5_T6,V8,57.0426,0.982469
V3_T4,V3,55.0455,0.981833
V8_T1_T3,V8,53.5675,0.981332
V8_T3_T4,V8,53.12,0.981175
PB14_T10,PB14,53.1078,0.98117
PB14_T11,PB14,53.0068,0.981134
PB8_T7,PB8,51.211,0.980473
PB8_T12,PB8,50.6849,0.98027
V4_T2,V4,48.8258,0.979519
V3_T9,V3,47.6539,0.979015
PB14_T12,PB14,46.9682,0.978709
PB14_T9,PB14,45.0959,0.977825
PB14_T8,PB14,43.6639,0.977098
V3_T8,V3,41.8551,0.976108
V1_T4,V1,39.8616,0.974913
PB2_T10,PB2,37.1166,0.973058
PB8_T3,PB8,37.0768,0.973029
V8_T2_T3,V8,36.7377,0.97278
PB2_T8,PB2,36.1467,0.972335
PB14_T7,PB14,36.1144,0.97231
PB2_T6,PB2,32.7567,0.969472
PB14_T6,PB14,32.6982,0.969417
PB14_T5,PB14,31.1832,0.967931
V3_T3,V3,30.6227,0.967344
VB1_T10,VB1,30.4821,0.967194
PB2_T5,PB2,30.2672,0.966961
VB1_T11,VB1,29.2988,0.965869
PB8_T2,PB8,29.146,0.96569
V2_T10,V2,28.8242,0.965307
V3_T7,V3,27.3492,0.963436
PB14_T4,PB14,27.3272,0.963406
V4_T1,V4,26.7359,0.962597
PB16_T2,PB16,25.6335,0.960988
V2_T11,V2,25.4783,0.960751
V3_T2,V3,22.2924,0.955142
PB2_T12,PB2,21.643,0.953796
PB2_T2,PB2,21.2548,0.952952
PB14_T3,PB14,20.4984,0.951216
V3_T12,V3,20.319,0.950785
V1_T3,V1,19.6979,0.949233
VB6_T3,VB6,18.9126,0.947125
V2_T5,V2,18.6831,0.946476
PB8_T1,PB8,16.7928,0.940451
VB1_T9,VB1,16.2986,0.938645
PB14_T2,PB14,15.348,0.934845
V2_T9,V2,15.3405,0.934813
VB1_T5,VB1,14.9988,0.933328
PB16_T1,PB16,14.2783,0.929964
V2_T6,V2,14.0112,0.928628
V3_T1,V3,13.3523,0.925107
VB1_T8,VB1,13.2906,0.924759
V2_T8,V2,13.0267,0.923235
PB14_T1,PB14,12.7057,0.921295
VB1_T6,VB1,12.407,0.9194
VB1_T12,VB1,11.3403,0.911819
V2_T4,V2,11.0327,0.90936
PB3_T12,PB3,9.3831,0.893425
VB1_T4,VB1,9.1661,0.890903
V1_T2,V1,9.0715,0.889764
V8_T1_T2,V8,9.0577,0.889596
VB1_T7,VB1,8.3053,0.879595
PV1_T10,PV1,8.1165,0.876795
V5,V5,8.001,0.875015
PV1_T11,PV1,7.8328,0.872332
V2_T7,V2,7.5385,0.867347
V1_T1,V1,6.0252,0.834032
V2_T3,V2,5.4465,0.816395
PV1_T9,PV1,5.3878,0.814395
VB1_T3,VB1,5.2536,0.809653
BB2_T1,BB2,4.8977,0.795824
PV1_T5,PV1,4.6985,0.787165
V2_T12,V2,4.6003,0.782623
PV1_T8,PV1,4.5609,0.780745
PV1_T6,PV1,4.1852,0.76106
BB2_T2,BB2,3.707,0.730241
PV1_T12,PV1,3.6151,0.723379
PV1_T4,PV1,3.5495,0.718272
V2_T2,V2,3.4403,0.709326
PV1_T7,PV1,3.4182,0.707446
VB1_T2,VB1,3.1428,0.681817
BB2_T3,BB2,2.8629,0.65071
PV1_T3,PV1,2.6796,0.626813
BB2_T4,BB2,2.6551,0.623364
BB2_T5,BB2,2.4747,0.595917
PV1_T2,PV1,2.431,0.588644
BB2_T6,BB2,2.2819,0.561765
V2_T1,V2,2.2736,0.560172
PV1_T1,PV1,2.1325,0.531065
BB2_T7,BB2,1.9196,0.479059
BB2_T11,BB2,1.9157,0.478009
VB1_T1,VB1,1.9115,0.476839
BB2_T10,BB2,1.9066,0.475504
BB2_T9,BB2,1.8988,0.473349
BB2_T8,BB2,1.8728,0.466035
BB2_T12,BB2,1.7901,0.441377
PV2,PV2,1.2545,0.202887
VB6_T2,VB6,1.1069,0.09655
VB6_T1,VB6,1.084,0.077483
BB14_T12,BB14,1.0,0.0
BB6_T10,BB6,1.0,0.0
BB14_T10,BB14,1.0,0.0
BB23,BB23,1.0,0.0
BB14_T11,BB14,1.0,0.0
BB14_T9,BB14,1.0,0.0
BB24,BB24,1.0,0.0
BB25,BB25,1.0,0.0
BB6_T11,BB6,1.0,0.0
BB15_T3,BB15,1.0,0.0
BB18,BB18,1.0,0.0
BB17,BB17,1.0,0.0
BB15_T8,BB15,1.0,0.0
BB19,BB19,1.0,0.0
BB15_T7,BB15,1.0,0.0
BB15_T5,BB15,1.0,0.0
BB6_T12,BB6,1.0,0.0
BB7_T1,BB7,1.0,0.0
BB21,BB21,1.0,0.0
BB9_T5,BB9,1.0,0.0
BB14_T8,BB14,1.0,0.0
BB8_T10,BB8,1.0,0.0
BB10_T11,BB10,1.0,0.0
BB10_T10,BB10,1.0,0.0
BB10_T9,BB10,1.0,0.0
BB10_T6,BB10,1.0,0.0
BB6_T1,BB6,1.0,0.0
BB10_T4,BB10,1.0,0.0
BB10_T2,BB10,1.0,0.0
BB10_T1,BB10,1.0,0.0
BB9_T7,BB9,1.0,0.0
BB13_T1,BB13,1.0,0.0
BB8_T12,BB8,1.0,0.0
BB13_T3,BB13,1.0,0.0
BB8_T9,BB8,1.0,0.0
BB7_T4,BB7,1.0,0.0
BB13_T4,BB13,1.0,0.0
BB13_T6,BB13,1.0,0.0
BB8_T7,BB8,1.0,0.0
BB13_T8,BB13,1.0,0.0
BB8_T6,BB8,1.0,0.0
BB7_T11,BB7,1.0,0.0
BB13_T9,BB13,1.0,0.0
BB13_T12,BB13,1.0,0.0
BB14_T2,BB14,1.0,0.0
BB7_T8,BB7,1.0,0.0
BB14_T3,BB14,1.0,0.0
BB7_T5,BB7,1.0,0.0
BB6_T2,BB6,1.0,0.0
PB1_T1,PB1,1.0,0.0
BB5_T12,BB5,1.0,0.0
PB9_T10,PB9,1.0,0.0
PB12_T2,PB12,1.0,0.0
PB12_T4,PB12,1.0,0.0
PB12_T8,PB12,1.0,0.0
PB12_T9,PB12,1.0,0.0
PB12_T12,PB12,1.0,0.0
PB15_T1,PB15,1.0,0.0
PB15_T4,PB15,1.0,0.0
PB15_T5,PB15,1.0,0.0
PB15_T6,PB15,1.0,0.0
PB15_T8,PB15,1.0,0.0
PB15_T11,PB15,1.0,0.0
PB15_T12,PB15,1.0,0.0
PB17_T1,PB17,1.0,0.0
PB17_T4,PB17,1.0,0.0
PB17_T5,PB17,1.0,0.0
PB17_T6,PB17,1.0,0.0
PB17_T8,PB17,1.0,0.0
PB17_T11,PB17,1.0,0.0
PB17_T12,PB17,1.0,0.0
VB2_T2,VB2,1.0,0.0
VB2_T5,VB2,1.0,0.0
VB2_T7,VB2,1.0,0.0
VB2_T8,VB2,1.0,0.0
PB1_T2,PB1,1.0,0.0
PV3_B1_T2,PV3,1.0,0.0
PV3_B1_T3,PV3,1.0,0.0
PV3_B1_T4,PV3,1.0,0.0
PV3_B1_T6,PV3,1.0,0.0
PV3_B1_T7,PV3,1.0,0.0
PB12_T1,PB12,1.0,0.0
PB9_T2,PB9,1.0,0.0
BB5_T9,BB5,1.0,0.0
PB9_T1,PB9,1.0,0.0
PB1_T3,PB1,1.0,0.0
PB1_T4,PB1,1.0,0.0
PB1_T5,PB1,1.0,0.0
PB1_T6,PB1,1.0,0.0
PB1_T9,PB1,1.0,0.0
PB1_T10,PB1,1.0,0.0
PB1_T11,PB1,1.0,0.0
PB4_T1,PB4,1.0,0.0
PB4_T2,PB4,1.0,0.0
PB4_T3,PB4,1.0,0.0
PB4_T4,PB4,1.0,0.0
PB4_T5,PB4,1.0,0.0
PB4_T6,PB4,1.0,0.0
PB4_T9,PB4,1.0,0.0
PB4_T10,PB4,1.0,0.0
PB4_T11,PB4,1.0,0.0
PB5_T1,PB5,1.0,0.0
PB5_T2,PB5,1.0,0.0
PB5_T4,PB5,1.0,0.0
PB5_T8,PB5,1.0,0.0
PB5_T9,PB5,1.0,0.0
PB5_T12,PB5,1.0,0.0
PB7_T1,PB7,1.0,0.0
PB7_T2,PB7,1.0,0.0
PB7_T4,PB7,1.0,0.0
PB7_T6,PB7,1.0,0.0
PB7_T9,PB7,1.0,0.0
PB7_T10,PB7,1.0,0.0
PB7_T11,PB7,1.0,0.0
PV3_B1_T8,PV3,1.0,0.0
PV3_B2_T1,PV3,1.0,0.0
PV3_B2_T4,PV3,1.0,0.0
PV3_B2_T9,PV3,1.0,0.0
PV3_B6_T9,PV3,1.0,0.0
PV3_B6_T10,PV3,1.0,0.0
PV3_B6_T12,PV3,1.0,0.0
PV3_B7_T1,PV3,1.0,0.0
PV3_B7_T2,PV3,1.0,0.0
PV3_B7_T5,PV3,1.0,0.0
PV3_B7_T8,PV3,1.0,0.0
PV3_B7_T9,PV3,1.0,0.0
PV3_B7_T10,PV3,1.0,0.0
PV3_B7_T11,PV3,1.0,0.0
PV3_B7_T12,PV3,1.0,0.0
BB1_T3,BB1,1.0,0.0
BB1_T5,BB1,1.0,0.0
BB1_T9,BB1,1.0,0.0
BB1_T12,BB1,1.0,0.0
BB3_T3,BB3,1.0,0.0
BB3_T5,BB3,1.0,0.0
BB3_T9,BB3,1.0,0.0
BB3_T12,BB3,1.0,0.0
BB4_T1,BB4,1.0,0.0
BB4_T2,BB4,1.0,0.0
BB4_T10,BB4,1.0,0.0
BB4_T11,BB4,1.0,0.0
BB4_T12,BB4,1.0,0.0
BB5_T1,BB5,1.0,0.0
BB5_T3,BB5,1.0,0.0
BB5_T4,BB5,1.0,0.0
BB5_T6,BB5,1.0,0.0
BB5_T8,BB5,1.0,0.0
PV3_B6_T7,PV3,1.0,0.0
PV3_B6_T6,PV3,1.0,0.0
PV3_B6_T3,PV3,1.0,0.0
PV3_B4_T2,PV3,1.0,0.0
PV3_B2_T10,PV3,1.0,0.0
PV3_B2_T11,PV3,1.0,0.0
PV3_B3_T1,PV3,1.0,0.0
PV3_B3_T2,PV3,1.0,0.0
PV3_B3_T3,PV3,1.0,0.0
PV3_B3_T4,PV3,1.0,0.0
PV3_B3_T5,PV3,1.0,0.0
PV3_B3_T7,PV3,1.0,0.0
PV3_B3_T9,PV3,1.0,0.0
PV3_B3_T10,PV3,1.0,0.0
PV3_B3_T11,PV3,1.0,0.0
PV3_B3_T12,PV3,1.0,0.0
PV3_B4_T1,PV3,1.0,0.0
PV3_B4_T3,PV3,1.0,0.0
PV3_B6_T2,PV3,1.0,0.0
PV3_B4_T4,PV3,1.0,0.0
PV3_B4_T5,PV3,1.0,0.0
PV3_B4_T8,PV3,1.0,0.0
PV3_B4_T9,PV3,1.0,0.0
PV3_B4_T11,PV3,1.0,0.0
PV3_B4_T12,PV3,1.0,0.0
PV3_B5_T2,PV3,1.0,0.0
PV3_B5_T4,PV3,1.0,0.0
PV3_B5_T6,PV3,1.0,0.0
PV3_B5_T7,PV3,1.0,0.0
PV3_B5_T8,PV3,1.0,0.0
PV3_B5_T9,PV3,1.0,0.0
PV3_B6_T1,PV3,1.0,0.0
BB26,BB26,1.0,0.0
