feature,family,PC1,PC2,PC3,PC4,PC5,PC6,communality_top1,communality_top2,communality_top3,communality_top4,communality_top5,communality_top6
PB1_T1,PB1,-0.002351,0.040067,-0.009356,-0.019553,0.077788,-0.016654,0.001014,0.14038,0.146036,0.164569,0.397474,0.40467
PB1_T2,PB1,-0.003168,0.050162,-0.011788,-0.02222,0.083682,-0.015535,0.001841,0.22028,0.229258,0.253192,0.522725,0.528987
PB1_T3,PB1,-0.005037,0.065648,-0.014696,-0.022977,0.07142,-0.007431,0.004654,0.378786,0.392739,0.418332,0.614661,0.616094
PB1_T4,PB1,-0.006694,0.072958,-0.015454,-0.020258,0.047958,0.000102,0.00822,0.470322,0.485751,0.505644,0.594171,0.594171
PB1_T5,PB1,-0.007853,0.075187,-0.015046,-0.017093,0.028003,0.004962,0.011313,0.502075,0.516701,0.530865,0.561048,0.561687
PB1_T6,PB1,-0.008755,0.075154,-0.014104,-0.013968,0.011103,0.007973,0.014063,0.504391,0.517242,0.526701,0.531445,0.533095
PB1_T7,PB1,-0.012619,0.073129,-0.011312,-0.005129,-0.040129,0.012446,0.029213,0.493483,0.501749,0.503025,0.565006,0.569025
PB1_T8,PB1,-0.01676,0.06807,-0.008109,0.001501,-0.071852,0.010192,0.051533,0.453789,0.458037,0.458147,0.65686,0.659555
PB1_T9,PB1,-0.019938,0.064111,-0.006235,0.00458,-0.081795,0.007383,0.072929,0.429746,0.432257,0.433274,0.690787,0.692201
PB1_T10,PB1,-0.024662,0.056172,-0.001926,0.01065,-0.084151,0.001417,0.111582,0.385508,0.385747,0.391246,0.663812,0.663864
PB1_T11,PB1,-0.026434,0.052694,-0.00059,0.012381,-0.081554,0.000696,0.128193,0.369245,0.369268,0.376698,0.632699,0.632712
PB1_T12,PB1,-0.035289,0.035534,0.003261,0.014457,-0.059731,-0.000121,0.228464,0.338079,0.338766,0.348898,0.48622,0.48622
PB2_T1,PB2,-0.000191,0.006975,-0.001523,-0.005618,0.026912,-0.008106,7e-06,0.00423,0.00438,0.00591,0.033788,0.035492
PB2_T2,PB2,-0.000255,0.011546,-0.003038,-0.008642,0.041373,-0.011484,1.2e-05,0.011585,0.012182,0.015803,0.081688,0.08511
PB2_T3,PB2,-0.000401,0.019628,-0.005296,-0.012181,0.052981,-0.01055,2.9e-05,0.033476,0.035288,0.042481,0.150522,0.15341
PB2_T4,PB2,-0.000742,0.028208,-0.007717,-0.014658,0.056472,-0.00778,0.000101,0.069176,0.073023,0.083438,0.206188,0.207758
PB2_T5,PB2,-0.000941,0.032921,-0.008872,-0.014974,0.052132,-0.003271,0.000162,0.094251,0.099337,0.110207,0.214812,0.21509
PB2_T6,PB2,-0.000918,0.033094,-0.008307,-0.012919,0.044044,-0.000188,0.000154,0.095235,0.099693,0.107785,0.182452,0.182453
PB2_T7,PB2,-0.001185,0.03545,-0.007841,-0.008576,0.014334,0.007399,0.000258,0.109354,0.113326,0.116891,0.124799,0.12622
PB2_T8,PB2,-0.001719,0.037717,-0.00772,-0.005798,-0.019526,0.010624,0.000542,0.124043,0.127893,0.129522,0.144197,0.147126
PB2_T9,PB2,-0.002178,0.038508,-0.00804,-0.005366,-0.035309,0.009234,0.00087,0.129605,0.133781,0.135177,0.183165,0.185377
PB2_T10,PB2,-0.001843,0.038204,-0.004735,0.001082,-0.052227,0.000994,0.000623,0.127333,0.128782,0.128838,0.233827,0.233853
PB2_T11,PB2,-0.001092,0.038272,-0.004121,0.003113,-0.054242,0.001376,0.000219,0.127381,0.128478,0.128948,0.242194,0.242243
PB2_T12,PB2,-0.00307,0.033791,3.6e-05,0.012964,-0.053192,0.00195,0.001729,0.100855,0.100855,0.109002,0.217904,0.218003
PB3_T1,PB3,-0.003285,0.050208,-0.011627,-0.021421,0.092051,-0.016689,0.00198,0.220823,0.229556,0.2518,0.577942,0.585168
PB3_T2,PB3,-0.004475,0.063358,-0.014179,-0.023907,0.097005,-0.014633,0.003674,0.352159,0.365147,0.392853,0.755042,0.760597
PB3_T3,PB3,-0.006881,0.081949,-0.016678,-0.022984,0.079642,-0.005203,0.008686,0.591691,0.60966,0.635269,0.879404,0.880107
PB3_T4,PB3,-0.008788,0.089739,-0.016464,-0.018316,0.050927,0.00273,0.014168,0.713278,0.730789,0.747053,0.846879,0.847072
PB3_T5,PB3,-0.010108,0.092415,-0.015625,-0.014229,0.029162,0.007029,0.018745,0.760184,0.775955,0.78577,0.818504,0.819785
PB3_T6,PB3,-0.01117,0.093495,-0.014746,-0.010873,0.012462,0.009622,0.022888,0.781743,0.79579,0.801521,0.807499,0.809901
PB3_T7,PB3,-0.015514,0.092266,-0.010447,0.001457,-0.0397,0.013758,0.044157,0.783203,0.790254,0.790357,0.85102,0.85593
PB3_T8,PB3,-0.020108,0.085759,-0.005662,0.011516,-0.067743,0.012255,0.074177,0.712655,0.714726,0.721155,0.89779,0.901686
PB3_T9,PB3,-0.023501,0.079386,-0.002407,0.017121,-0.075826,0.010393,0.101324,0.648433,0.648807,0.663017,0.884321,0.887123
PB3_T10,PB3,-0.028862,0.068891,0.001869,0.02319,-0.076373,0.008117,0.152819,0.564835,0.565061,0.59113,0.815639,0.817348
PB3_T11,PB3,-0.031109,0.064243,0.00337,0.024734,-0.073754,0.007339,0.177546,0.535835,0.536569,0.566227,0.775598,0.776995
PB3_T12,PB3,-0.012772,0.011863,0.001901,0.004638,-0.015125,-0.000634,0.029926,0.042142,0.042376,0.043418,0.052223,0.052234
PB4_T1,PB4,-0.002351,0.040067,-0.009356,-0.019553,0.077788,-0.016654,0.001014,0.14038,0.146036,0.164569,0.397474,0.40467
PB4_T2,PB4,-0.003168,0.050162,-0.011788,-0.02222,0.083682,-0.015535,0.001841,0.22028,0.229258,0.253192,0.522725,0.528987
PB4_T3,PB4,-0.005037,0.065648,-0.014696,-0.022977,0.07142,-0.007431,0.004654,0.378786,0.392739,0.418332,0.614661,0.616094
PB4_T4,PB4,-0.006694,0.072958,-0.015454,-0.020258,0.047958,0.000102,0.00822,0.470322,0.485751,0.505644,0.594171,0.594171
PB4_T5,PB4,-0.007853,0.075187,-0.015046,-0.017093,0.028003,0.004962,0.011313,0.502075,0.516701,0.530865,0.561048,0.561687
PB4_T6,PB4,-0.008755,0.075154,-0.014104,-0.013968,0.011103,0.007973,0.014063,0.504391,0.517242,0.526701,0.531445,0.533095
PB4_T7,PB4,-0.012619,0.073129,-0.011312,-0.005129,-0.040129,0.012446,0.029213,0.493483,0.501749,0.503025,0.565006,0.569025
PB4_T8,PB4,-0.01676,0.06807,-0.008109,0.001501,-0.071852,0.010192,0.051533,0.453789,0.458037,0.458147,0.65686,0.659555
PB4_T9,PB4,-0.019938,0.064111,-0.006235,0.00458,-0.081795,0.007383,0.072929,0.429746,0.432257,0.433274,0.690787,0.692201
PB4_T10,PB4,-0.024662,0.056172,-0.001926,0.01065,-0.084151,0.001417,0.111582,0.385508,0.385747,0.391246,0.663812,0.663864
PB4_T11,PB4,-0.026434,0.052694,-0.00059,0.012381,-0.081554,0.000696,0.128193,0.369245,0.369268,0.376698,0.632699,0.632712
PB4_T12,PB4,-0.035289,0.035534,0.003261,0.014457,-0.059731,-0.000121,0.228464,0.338079,0.338766,0.348898,0.48622,0.48622
PB5_T1,PB5,-0.002352,0.040063,-0.009369,-0.01957,0.077783,-0.016651,0.001014,0.140357,0.146028,0.164594,0.397464,0.404658
PB5_T2,PB5,-0.003169,0.050157,-0.011805,-0.022244,0.083674,-0.01553,0.001842,0.220242,0.229245,0.253231,0.522714,0.528972
PB5_T3,PB5,-0.005039,0.06564,-0.014723,-0.02302,0.071406,-0.007419,0.004657,0.378699,0.392702,0.418391,0.614645,0.616073
PB5_T4,PB5,-0.006696,0.072945,-0.015492,-0.020325,0.047934,0.000123,0.008227,0.470152,0.485656,0.505682,0.59412,0.594121
PB5_T5,PB5,-0.007856,0.075167,-0.015092,-0.017178,0.027973,0.004991,0.011321,0.501827,0.516541,0.530845,0.560963,0.561609
PB5_T6,PB5,-0.008758,0.07513,-0.014155,-0.014065,0.011069,0.008007,0.01407,0.504086,0.51703,0.526619,0.531335,0.532998
PB5_T7,PB5,-0.012617,0.073099,-0.011389,-0.005286,-0.040173,0.012492,0.029206,0.493091,0.501471,0.502825,0.564944,0.568993
PB5_T8,PB5,-0.016755,0.068024,-0.00821,0.001282,-0.071902,0.010239,0.051499,0.45321,0.457564,0.457644,0.656634,0.659354
PB5_T9,PB5,-0.019933,0.064058,-0.006345,0.004335,-0.081849,0.007413,0.072894,0.429127,0.431727,0.432638,0.690493,0.691919
PB5_T10,PB5,-0.024657,0.056125,-0.002047,0.010375,-0.084222,0.001413,0.111538,0.384998,0.385268,0.390486,0.66351,0.663561
PB5_T11,PB5,-0.026426,0.052653,-0.000715,0.012097,-0.081633,0.00068,0.128114,0.368792,0.368825,0.375919,0.632417,0.632429
PB5_T12,PB5,-0.035261,0.035505,0.003098,0.014103,-0.059862,-0.000202,0.228096,0.337533,0.338153,0.347795,0.485724,0.485725
PB6_T1,PB6,-0.003586,0.053606,-0.012602,-0.022663,0.082678,-0.014216,0.002359,0.251827,0.262086,0.286983,0.550087,0.555331
PB6_T2,PB6,-0.004781,0.061209,-0.013848,-0.021086,0.064456,-0.005827,0.004194,0.329445,0.341832,0.363385,0.523297,0.524178
PB6_T3,PB6,-0.007449,0.067551,-0.013288,-0.013503,0.013077,0.008526,0.010179,0.406323,0.41773,0.426569,0.433151,0.435037
PB6_T4,PB6,-0.00971,0.064075,-0.010378,-0.004774,-0.031514,0.015066,0.017296,0.373713,0.380671,0.381776,0.420002,0.425891
PB6_T5,PB6,-0.011376,0.060114,-0.008222,0.000217,-0.056533,0.016252,0.023741,0.337454,0.341821,0.341823,0.464836,0.471689
PB6_T6,PB6,-0.012781,0.057262,-0.006873,0.00304,-0.071517,0.015802,0.029968,0.314628,0.317679,0.318127,0.51499,0.521469
PB6_T7,PB6,-0.018703,0.046595,-0.002491,0.009872,-0.098254,0.007971,0.064171,0.252652,0.253053,0.257777,0.629353,0.631001
PB6_T8,PB6,-0.024962,0.034069,0.002436,0.015131,-0.089571,-0.001085,0.114308,0.215069,0.215452,0.226551,0.535351,0.535382
PB6_T9,PB6,-0.029483,0.024788,0.005146,0.016966,-0.071842,-0.003815,0.159468,0.21281,0.21452,0.228474,0.427134,0.427511
PB6_T10,PB6,-0.036199,0.011517,0.006829,0.014723,-0.042542,-0.003753,0.240388,0.251902,0.254914,0.265422,0.335083,0.335449
PB6_T11,PB6,-0.038829,0.006571,0.00688,0.012476,-0.031905,-0.003422,0.276585,0.280333,0.283391,0.290936,0.330117,0.330421
PB6_T12,PB6,-0.050236,-0.01035,0.005509,0.00077,0.002138,-0.004284,0.46298,0.47228,0.474241,0.47427,0.474445,0.474922
PB7_T1,PB7,-0.001804,0.030289,-0.007241,-0.014535,0.06654,-0.013826,0.000597,0.08024,0.083627,0.093868,0.264287,0.269247
PB7_T2,PB7,-0.002535,0.042557,-0.010014,-0.019251,0.084964,-0.016643,0.001179,0.158404,0.164882,0.182848,0.460702,0.467889
PB7_T3,PB7,-0.00407,0.062214,-0.013961,-0.023612,0.094862,-0.014008,0.003039,0.339056,0.351647,0.378675,0.725035,0.730126
PB7_T4,PB7,-0.005456,0.07408,-0.015607,-0.02347,0.087464,-0.008787,0.00546,0.481874,0.49761,0.524314,0.818762,0.820765
PB7_T5,PB7,-0.006384,0.080045,-0.015995,-0.021927,0.076559,-0.004244,0.007478,0.563707,0.580236,0.603544,0.829143,0.82961
PB7_T6,PB7,-0.007116,0.083353,-0.015899,-0.019963,0.065301,-0.000838,0.00929,0.612447,0.628777,0.648097,0.812225,0.812243
PB7_T7,PB7,-0.009746,0.088831,-0.014198,-0.011218,0.016047,0.009061,0.017426,0.702462,0.715484,0.721585,0.731496,0.733626
PB7_T8,PB7,-0.012174,0.089456,-0.011373,-0.002054,-0.024463,0.014023,0.02719,0.721894,0.73025,0.730455,0.753488,0.75859
PB7_T9,PB7,-0.013992,0.088227,-0.009253,0.003693,-0.045356,0.01493,0.035917,0.71167,0.7172,0.717862,0.797043,0.802826
PB7_T10,PB7,-0.017063,0.083601,-0.005591,0.011424,-0.06543,0.014774,0.053413,0.660167,0.662187,0.668514,0.833292,0.838955
PB7_T11,PB7,-0.01853,0.081243,-0.004128,0.013881,-0.070301,0.013807,0.06299,0.635993,0.637094,0.646433,0.83666,0.841606
PB7_T12,PB7,-0.025268,0.068203,0.000377,0.020636,-0.075209,0.010631,0.117131,0.52095,0.520959,0.541602,0.759318,0.762251
PB8_T1,PB8,-0.002042,0.030649,0.000507,-0.008383,0.064592,-0.0136,0.000765,0.082312,0.082329,0.085735,0.24632,0.251119
PB8_T2,PB8,-0.002714,0.042496,-0.005071,-0.014445,0.08341,-0.016405,0.001351,0.158132,0.159792,0.169908,0.43769,0.444672
PB8_T3,PB8,-0.004236,0.061793,-0.01141,-0.02024,0.092804,-0.013741,0.003292,0.334774,0.343184,0.363042,0.694541,0.69944
PB8_T4,PB8,-0.005643,0.073458,-0.013916,-0.020947,0.085075,-0.008322,0.005841,0.474291,0.486802,0.508072,0.786654,0.788451
PB8_T5,PB8,-0.006634,0.079274,-0.014682,-0.019697,0.074175,-0.003721,0.008073,0.553642,0.567568,0.586375,0.798147,0.798507
PB8_T6,PB8,-0.007384,0.082506,-0.014745,-0.017928,0.063012,-0.000271,0.010002,0.600965,0.61501,0.630592,0.783417,0.783419
PB8_T7,PB8,-0.009932,0.087407,-0.013292,-0.009253,0.013984,0.009526,0.018096,0.681351,0.692764,0.696915,0.704441,0.706796
PB8_T8,PB8,-0.012125,0.087676,-0.010641,-0.000735,-0.025871,0.013909,0.026969,0.694306,0.701621,0.701647,0.727408,0.732427
PB8_T9,PB8,-0.013772,0.086358,-0.008553,0.004817,-0.046145,0.014707,0.034795,0.682226,0.686952,0.688077,0.770036,0.775648
PB8_T10,PB8,-0.016795,0.081863,-0.004877,0.012356,-0.065324,0.014048,0.051744,0.633521,0.635058,0.642459,0.806704,0.811824
PB8_T11,PB8,-0.018198,0.079568,-0.003465,0.014791,-0.069767,0.013457,0.060754,0.610372,0.611148,0.621754,0.809102,0.813801
PB8_T12,PB8,-0.024685,0.066824,0.001492,0.022281,-0.072812,0.011149,0.111789,0.499446,0.49959,0.523655,0.727712,0.730937
PB9_T1,PB9,-0.0734,-0.007764,0.003578,-0.003313,0.004994,0.004541,0.988377,0.99361,0.994437,0.994969,0.995929,0.996464
PB9_T2,PB9,-0.0734,-0.007764,0.003578,-0.003313,0.004994,0.004541,0.988377,0.99361,0.994437,0.994969,0.995929,0.996464
PB9_T3,PB9,-0.0734,-0.007764,0.003578,-0.003313,0.004994,0.004541,0.988377,0.99361,0.994437,0.994969,0.995929,0.996464
PB9_T4,PB9,-0.0734,-0.007764,0.003578,-0.003313,0.004994,0.004541,0.988377,0.99361,0.994437,0.994969,0.995929,0.996464
PB9_T5,PB9,-0.0734,-0.007764,0.003578,-0.003313,0.004994,0.004541,0.988377,0.99361,0.994437,0.994969,0.995929,0.996464
PB9_T6,PB9,-0.0734,-0.007764,0.003578,-0.003313,0.004994,0.004541,0.988377,0.99361,0.994437,0.994969,0.995929,0.996464
PB9_T7,PB9,-0.0734,-0.007764,0.003578,-0.003313,0.004994,0.004541,0.988377,0.99361,0.994437,0.994969,0.995929,0.996464
PB9_T8,PB9,-0.0734,-0.007764,0.003578,-0.003313,0.004994,0.004541,0.988377,0.99361,0.994437,0.994969,0.995929,0.996464
PB9_T9,PB9,-0.0734,-0.007764,0.003578,-0.003313,0.004994,0.004541,0.988377,0.99361,0.994437,0.994969,0.995929,0.996464
PB9_T10,PB9,-0.0734,-0.007764,0.003578,-0.003313,0.004994,0.004541,0.988377,0.99361,0.994437,0.994969,0.995929,0.996464
PB9_T11,PB9,-0.0734,-0.007764,0.003578,-0.003313,0.004994,0.004541,0.988377,0.99361,0.994437,0.994969,0.995929,0.996464
PB9_T12,PB9,-0.0734,-0.007764,0.003578,-0.003313,0.004994,0.004541,0.988377,0.99361,0.994437,0.994969,0.995929,0.996464
PB10_T1,PB10,-0.073385,-0.008131,0.003352,-0.003705,0.004344,0.004731,0.987968,0.993707,0.994433,0.995099,0.995825,0.996406
PB10_T2,PB10,-0.073369,-0.008467,0.003229,-0.003957,0.003856,0.004857,0.987539,0.993763,0.994436,0.995195,0.995767,0.996379
PB10_T3,PB10,-0.073315,-0.009437,0.002965,-0.004602,0.002932,0.005038,0.986083,0.993813,0.994382,0.995408,0.995739,0.996398
PB10_T4,PB10,-0.073245,-0.010469,0.002703,-0.00534,0.00247,0.005097,0.984195,0.993709,0.994181,0.995564,0.995799,0.996473
PB10_T5,PB10,-0.073182,-0.011246,0.002499,-0.005964,0.002416,0.005057,0.982511,0.99349,0.993894,0.995618,0.995843,0.996507
PB10_T6,PB10,-0.073125,-0.011855,0.002321,-0.006515,0.002581,0.004956,0.980983,0.993184,0.993532,0.99559,0.995847,0.996484
PB10_T7,PB10,-0.072818,-0.014318,0.001447,-0.009075,0.004399,0.004492,0.972765,0.990563,0.990699,0.994691,0.995436,0.995959
PB10_T8,PB10,-0.072371,-0.016733,0.000323,-0.012372,0.007426,0.003856,0.960841,0.985147,0.985154,0.992574,0.994697,0.995083
PB10_T9,PB10,-0.071972,-0.0183,-0.000527,-0.014887,0.009824,0.003064,0.950285,0.979358,0.979376,0.99012,0.993835,0.994079
PB10_T10,PB10,-0.071271,-0.020235,-0.00192,-0.018616,0.013072,0.001917,0.931877,0.967422,0.967661,0.98446,0.991037,0.991132
PB10_T11,PB10,-0.070937,-0.020891,-0.002534,-0.020164,0.014169,0.001348,0.92315,0.961039,0.961454,0.981163,0.98889,0.988938
PB10_T12,PB10,-0.068933,-0.023188,-0.005618,-0.027088,0.016716,-0.001662,0.871726,0.918404,0.920443,0.956014,0.966769,0.966841
PB11_T1,PB11,-0.073392,-0.007926,0.003928,-0.002664,0.004631,0.004565,0.988167,0.99362,0.994617,0.994961,0.995787,0.996327
PB11_T2,PB11,-0.073382,-0.008126,0.004185,-0.002183,0.004318,0.004571,0.987879,0.993611,0.994743,0.994974,0.995692,0.996234
PB11_T3,PB11,-0.07334,-0.008794,0.00483,-0.00099,0.003778,0.004445,0.986751,0.993464,0.994972,0.995019,0.995568,0.996081
PB11_T4,PB11,-0.073279,-0.009581,0.005474,0.000175,0.003664,0.004171,0.985101,0.993071,0.995007,0.995008,0.995525,0.995976
PB11_T5,PB11,-0.07322,-0.010205,0.00595,0.001032,0.003914,0.003918,0.983519,0.992559,0.994846,0.994898,0.995487,0.995886
PB11_T6,PB11,-0.073164,-0.010698,0.006317,0.001686,0.004356,0.003734,0.982026,0.991962,0.99454,0.994678,0.995408,0.99577
PB11_T7,PB11,-0.072867,-0.012599,0.007769,0.004221,0.007664,0.003186,0.974066,0.987845,0.991744,0.992608,0.994869,0.995132
PB11_T8,PB11,-0.072397,-0.014563,0.009262,0.006819,0.012774,0.00316,0.961531,0.979942,0.985483,0.987738,0.994019,0.994278
PB11_T9,PB11,-0.071967,-0.015838,0.010199,0.008557,0.016788,0.003843,0.950153,0.971929,0.978648,0.982198,0.993046,0.993429
PB11_T10,PB11,-0.071179,-0.017463,0.011298,0.010665,0.022534,0.005648,0.929468,0.955942,0.964188,0.969702,0.989247,0.990074
PB11_T11,PB11,-0.070807,-0.018057,0.011689,0.011412,0.024603,0.006413,0.91976,0.948065,0.956892,0.963205,0.986503,0.98757
PB11_T12,PB11,-0.06876,-0.019268,0.013573,0.015127,0.031291,0.010131,0.867363,0.899594,0.911496,0.922588,0.960275,0.962939
PB12_T1,PB12,-0.002352,0.040063,-0.009369,-0.01957,0.077783,-0.016651,0.001014,0.140357,0.146028,0.164594,0.397464,0.404658
PB12_T2,PB12,-0.003169,0.050157,-0.011805,-0.022244,0.083674,-0.01553,0.001842,0.220242,0.229245,0.253231,0.522714,0.528972
PB12_T3,PB12,-0.005039,0.06564,-0.014723,-0.02302,0.071406,-0.007419,0.004657,0.378699,0.392702,0.418391,0.614645,0.616073
PB12_T4,PB12,-0.006696,0.072945,-0.015492,-0.020325,0.047934,0.000123,0.008227,0.470152,0.485656,0.505682,0.59412,0.594121
PB12_T5,PB12,-0.007856,0.075167,-0.015092,-0.017178,0.027973,0.004991,0.011321,0.501827,0.516541,0.530845,0.560963,0.561609
PB12_T6,PB12,-0.008758,0.07513,-0.014155,-0.014065,0.011069,0.008007,0.01407,0.504086,0.51703,0.526619,0.531335,0.532998
PB12_T7,PB12,-0.012617,0.073099,-0.011389,-0.005286,-0.040173,0.012492,0.029206,0.493091,0.501471,0.502825,0.564944,0.568993
PB12_T8,PB12,-0.016755,0.068024,-0.00821,0.001282,-0.071902,0.010239,0.051499,0.45321,0.457564,0.457644,0.656634,0.659354
PB12_T9,PB12,-0.019933,0.064058,-0.006345,0.004335,-0.081849,0.007413,0.072894,0.429127,0.431727,0.432638,0.690493,0.691919
PB12_T10,PB12,-0.024657,0.056125,-0.002047,0.010375,-0.084222,0.001413,0.111538,0.384998,0.385268,0.390486,0.66351,0.663561
PB12_T11,PB12,-0.026426,0.052653,-0.000715,0.012097,-0.081633,0.00068,0.128114,0.368792,0.368825,0.375919,0.632417,0.632429
PB12_T12,PB12,-0.035261,0.035505,0.003098,0.014103,-0.059862,-0.000202,0.228096,0.337533,0.338153,0.347795,0.485724,0.485725
PB13_T1,PB13,-0.002352,0.040063,-0.00937,-0.019572,0.077782,-0.016651,0.001015,0.140355,0.146027,0.164597,0.397463,0.404656
PB13_T2,PB13,-0.003169,0.050157,-0.011805,-0.022247,0.083673,-0.01553,0.001843,0.220238,0.229242,0.253234,0.522712,0.52897
PB13_T3,PB13,-0.005039,0.06564,-0.014722,-0.023023,0.071406,-0.007422,0.004659,0.3787,0.392702,0.418398,0.61465,0.61608
PB13_T4,PB13,-0.006697,0.072946,-0.015489,-0.020326,0.047937,0.000115,0.008229,0.470174,0.485674,0.505701,0.594148,0.594149
PB13_T5,PB13,-0.007857,0.075171,-0.015089,-0.017177,0.027977,0.004978,0.011325,0.501877,0.516585,0.530888,0.561015,0.561658
PB13_T6,PB13,-0.00876,0.075135,-0.014152,-0.014064,0.011073,0.007989,0.014077,0.504158,0.517096,0.526685,0.531404,0.53306
PB13_T7,PB13,-0.012623,0.073104,-0.011383,-0.005278,-0.040171,0.012462,0.029232,0.493181,0.501551,0.502902,0.565012,0.569042
PB13_T8,PB13,-0.016764,0.068033,-0.008203,0.001295,-0.071904,0.0102,0.051558,0.453372,0.457719,0.4578,0.6568,0.659499
PB13_T9,PB13,-0.019944,0.064067,-0.006342,0.004341,-0.081853,0.007374,0.072972,0.4293,0.431898,0.432811,0.690693,0.692103
PB13_T10,PB13,-0.024671,0.056128,-0.002052,0.010367,-0.084227,0.001378,0.111659,0.385152,0.385424,0.390633,0.663691,0.66374
PB13_T11,PB13,-0.026442,0.052652,-0.000723,0.012082,-0.081639,0.000646,0.128271,0.36894,0.368974,0.376051,0.632582,0.632593
PB13_T12,PB13,-0.035292,0.035493,0.003088,0.01408,-0.059857,-0.000221,0.228495,0.33786,0.338476,0.348086,0.485992,0.485993
PB14_T1,PB14,-0.002262,0.036156,-0.008457,-0.016746,0.074677,-0.01492,0.000939,0.114429,0.11905,0.132644,0.34729,0.353066
PB14_T2,PB14,-0.003212,0.047911,-0.011089,-0.019712,0.083858,-0.014514,0.001893,0.20117,0.209114,0.22795,0.49862,0.504085
PB14_T3,PB14,-0.005159,0.065786,-0.014068,-0.020603,0.075557,-0.006523,0.004883,0.380598,0.393382,0.413959,0.633694,0.634798
PB14_T4,PB14,-0.006778,0.074521,-0.014599,-0.017649,0.053748,0.001642,0.008428,0.49053,0.504299,0.519399,0.63059,0.63066
PB14_T5,PB14,-0.007813,0.077475,-0.014008,-0.014206,0.034371,0.00643,0.011199,0.532286,0.544963,0.554746,0.600217,0.601289
PB14_T6,PB14,-0.008575,0.077963,-0.013002,-0.01085,0.017651,0.009468,0.013489,0.541155,0.552076,0.557783,0.569775,0.572101
PB14_T7,PB14,-0.011721,0.077409,-0.009709,8.5e-05,-0.034437,0.015277,0.025204,0.545401,0.551491,0.551491,0.597137,0.603192
PB14_T8,PB14,-0.01494,0.073558,-0.005883,0.008686,-0.066197,0.013631,0.040947,0.510675,0.512911,0.516568,0.685231,0.690052
PB14_T9,PB14,-0.017397,0.069514,-0.003357,0.013503,-0.076732,0.011067,0.055524,0.47502,0.475748,0.484586,0.711208,0.714386
PB14_T10,PB14,-0.021095,0.061014,0.001166,0.020493,-0.080285,0.005217,0.081641,0.404823,0.40491,0.425269,0.67336,0.674066
PB14_T11,PB14,-0.02251,0.057712,0.002404,0.022352,-0.077752,0.00518,0.092954,0.382098,0.382472,0.406692,0.639381,0.640078
PB14_T12,PB14,-0.030043,0.04097,0.007737,0.027902,-0.05795,0.003688,0.165587,0.311303,0.31517,0.352911,0.48217,0.482523
PB15_T1,PB15,-0.001771,0.029744,-0.007134,-0.014389,0.065339,-0.013514,0.000576,0.077377,0.080666,0.090702,0.255025,0.259763
PB15_T2,PB15,-0.002635,0.042514,-0.010105,-0.01918,0.083552,-0.015967,0.001274,0.158181,0.164777,0.18261,0.451307,0.457921
PB15_T3,PB15,-0.004636,0.063058,-0.014205,-0.02321,0.090995,-0.012196,0.003943,0.34914,0.362176,0.38829,0.706992,0.710851
PB15_T4,PB15,-0.006407,0.075013,-0.01561,-0.022405,0.081195,-0.006155,0.007532,0.496023,0.511764,0.536098,0.789849,0.790832
PB15_T5,PB15,-0.007538,0.080719,-0.015842,-0.020575,0.068736,-0.001458,0.010423,0.576053,0.592267,0.612788,0.794641,0.794696
PB15_T6,PB15,-0.008347,0.083677,-0.015557,-0.018364,0.056286,0.001902,0.012783,0.620642,0.636277,0.652625,0.774565,0.774659
PB15_T7,PB15,-0.011191,0.087813,-0.013064,-0.008811,0.006472,0.010025,0.022975,0.692399,0.703425,0.707189,0.708801,0.711408
PB15_T8,PB15,-0.013739,0.087496,-0.009971,0.000327,-0.031774,0.013048,0.034628,0.699229,0.705652,0.705657,0.744516,0.748933
PB15_T9,PB15,-0.015763,0.085661,-0.007774,0.005829,-0.050676,0.013552,0.045584,0.682602,0.686507,0.688154,0.786997,0.791762
PB15_T10,PB15,-0.019157,0.080453,-0.003799,0.013473,-0.067787,0.011932,0.067326,0.629235,0.630167,0.638966,0.815829,0.819523
PB15_T11,PB15,-0.02058,0.077869,-0.002321,0.015968,-0.071193,0.011355,0.077696,0.604099,0.604448,0.616808,0.81189,0.815236
PB15_T12,PB15,-0.027359,0.063275,0.002549,0.022496,-0.069491,0.009019,0.137316,0.484895,0.485315,0.509848,0.695718,0.697829
PB16_T1,PB16,-0.002188,0.034726,-0.008273,-0.016057,0.07128,-0.014225,0.000878,0.105566,0.109988,0.122486,0.318047,0.323297
PB16_T2,PB16,-0.002923,0.044937,-0.010666,-0.019236,0.082104,-0.014794,0.001567,0.176874,0.184224,0.202162,0.461627,0.467306
PB16_T3,PB16,-0.004779,0.062894,-0.014143,-0.022016,0.084268,-0.010003,0.004191,0.347594,0.360516,0.384013,0.657338,0.659934
PB16_T4,PB16,-0.006494,0.074023,-0.015289,-0.020994,0.073812,-0.004074,0.007736,0.483419,0.498519,0.519886,0.729586,0.730017
PB16_T5,PB16,-0.007597,0.079455,-0.015432,-0.01916,0.061549,0.000418,0.010587,0.558644,0.57403,0.591826,0.737639,0.737643
PB16_T6,PB16,-0.008392,0.082287,-0.01514,-0.016965,0.049405,0.003608,0.012921,0.600746,0.615554,0.629507,0.723454,0.723792
PB16_T7,PB16,-0.011202,0.08643,-0.01268,-0.007691,0.001222,0.011188,0.023022,0.671526,0.681913,0.68478,0.684838,0.688085
PB16_T8,PB16,-0.013737,0.086279,-0.009661,0.001217,-0.035773,0.013874,0.03462,0.680863,0.686893,0.686965,0.736221,0.741215
PB16_T9,PB16,-0.015758,0.084572,-0.007505,0.006582,-0.054009,0.014229,0.045556,0.666484,0.670123,0.672223,0.784498,0.789751
PB16_T10,PB16,-0.019149,0.079519,-0.003568,0.014078,-0.070416,0.012453,0.067273,0.616213,0.617035,0.626643,0.81749,0.821513
PB16_T11,PB16,-0.020572,0.076992,-0.002108,0.016527,-0.073593,0.011825,0.077639,0.592253,0.59254,0.605781,0.814238,0.817866
PB16_T12,PB16,-0.027351,0.062606,0.002706,0.022898,-0.07117,0.00935,0.13724,0.477502,0.477975,0.503393,0.698349,0.700618
PB17_T1,PB17,-0.001771,0.029744,-0.007134,-0.014389,0.065339,-0.013514,0.000576,0.077377,0.080666,0.090702,0.255025,0.259763
PB17_T2,PB17,-0.002635,0.042514,-0.010105,-0.01918,0.083552,-0.015967,0.001274,0.158181,0.164777,0.18261,0.451307,0.457921
PB17_T3,PB17,-0.004636,0.063058,-0.014205,-0.02321,0.090995,-0.012196,0.003943,0.34914,0.362176,0.38829,0.706992,0.710851
PB17_T4,PB17,-0.006407,0.075013,-0.01561,-0.022405,0.081195,-0.006155,0.007532,0.496023,0.511764,0.536098,0.789849,0.790832
PB17_T5,PB17,-0.007538,0.080719,-0.015842,-0.020575,0.068736,-0.001458,0.010423,0.576053,0.592267,0.612788,0.794641,0.794696
PB17_T6,PB17,-0.008347,0.083677,-0.015557,-0.018364,0.056286,0.001902,0.012783,0.620642,0.636277,0.652625,0.774565,0.774659
PB17_T7,PB17,-0.011191,0.087813,-0.013064,-0.008811,0.006472,0.010025,0.022975,0.692399,0.703425,0.707189,0.708801,0.711408
PB17_T8,PB17,-0.013739,0.087496,-0.009971,0.000327,-0.031774,0.013048,0.034628,0.699229,0.705652,0.705657,0.744516,0.748933
PB17_T9,PB17,-0.015763,0.085661,-0.007774,0.005829,-0.050676,0.013552,0.045584,0.682602,0.686507,0.688154,0.786997,0.791762
PB17_T10,PB17,-0.019157,0.080453,-0.003799,0.013473,-0.067787,0.011932,0.067326,0.629235,0.630167,0.638966,0.815829,0.819523
PB17_T11,PB17,-0.02058,0.077869,-0.002321,0.015968,-0.071193,0.011355,0.077696,0.604099,0.604448,0.616808,0.81189,0.815236
PB17_T12,PB17,-0.027359,0.063275,0.002549,0.022496,-0.069491,0.009019,0.137316,0.484895,0.485315,0.509848,0.695718,0.697829
PB18_T1,PB18,-0.00178,0.029911,-0.007153,-0.014353,0.065753,-0.013696,0.000581,0.078252,0.081557,0.091543,0.257954,0.262821
PB18_T2,PB18,-0.00245,0.041679,-0.009766,-0.018913,0.083355,-0.016432,0.001102,0.151907,0.158068,0.175407,0.442837,0.449842
PB18_T3,PB18,-0.003952,0.061199,-0.013676,-0.023434,0.094085,-0.014221,0.002865,0.328012,0.340096,0.366717,0.707427,0.712674
PB18_T4,PB18,-0.005364,0.073049,-0.01537,-0.023339,0.087218,-0.009202,0.005279,0.468527,0.483789,0.510195,0.802987,0.805184
PB18_T5,PB18,-0.00627,0.079026,-0.01576,-0.021786,0.076664,-0.004718,0.007212,0.549371,0.565416,0.588426,0.814643,0.815221
PB18_T6,PB18,-0.006994,0.08235,-0.015667,-0.01989,0.065643,-0.001375,0.008974,0.597702,0.613558,0.632736,0.798589,0.798638
PB18_T7,PB18,-0.009595,0.088148,-0.014164,-0.011535,0.017037,0.008459,0.01689,0.69143,0.70439,0.71084,0.722013,0.723869
PB18_T8,PB18,-0.012002,0.088958,-0.011343,-0.002255,-0.023446,0.013661,0.026428,0.713421,0.721734,0.72198,0.743139,0.747981
PB18_T9,PB18,-0.013755,0.087763,-0.009296,0.003486,-0.044359,0.014834,0.034711,0.703371,0.708953,0.709542,0.785281,0.79099
PB18_T10,PB18,-0.01675,0.083163,-0.005665,0.011216,-0.064648,0.015019,0.051468,0.651876,0.653949,0.660048,0.82091,0.826762
PB18_T11,PB18,-0.018192,0.080853,-0.004215,0.013668,-0.069581,0.014118,0.060711,0.628223,0.629371,0.638427,0.824777,0.829948
PB18_T12,PB18,-0.024796,0.068021,6.3e-05,0.020132,-0.075244,0.01125,0.112792,0.514461,0.514461,0.534109,0.752025,0.755309
VB1_T1,VB1,0.000436,-0.000657,0.000383,-0.00979,-0.000603,0.007774,3.5e-05,7.2e-05,8.2e-05,0.004728,0.004742,0.00631
VB1_T2,VB1,0.000513,-0.000956,-0.000686,-0.012601,-0.001532,0.004827,4.8e-05,0.000128,0.000158,0.007856,0.007946,0.008551
VB1_T3,VB1,0.000597,-0.001247,0.000241,-0.012624,-0.003279,-0.00782,6.5e-05,0.000201,0.000204,0.00793,0.008343,0.00993
VB1_T4,VB1,0.000801,-0.001219,0.001762,-0.00909,-0.003747,-0.021244,0.000118,0.000247,0.000447,0.004453,0.004994,0.016702
VB1_T5,VB1,0.000798,-0.001459,0.002447,-0.006447,-0.003573,-0.029133,0.000117,0.000302,0.000689,0.002704,0.003195,0.025215
VB1_T6,VB1,0.000726,-0.001489,0.002439,-0.005023,-0.002802,-0.033307,9.7e-05,0.000289,0.000673,0.001896,0.002198,0.030982
VB1_T7,VB1,1e-06,-0.001644,0.002364,-0.0013,-1.5e-05,-0.039693,0.0,0.000235,0.000596,0.000678,0.000678,0.041556
VB1_T8,VB1,-0.001312,-0.002651,0.003305,0.003496,0.004599,-0.040372,0.000316,0.000926,0.001632,0.002225,0.003039,0.045327
VB1_T9,VB1,-0.002262,-0.002385,0.003571,0.006782,0.006554,-0.036295,0.000938,0.001432,0.002256,0.004486,0.006139,0.040318
VB1_T10,VB1,-0.002767,-0.002375,0.002641,0.008284,0.007056,-0.025682,0.001405,0.001895,0.002345,0.005672,0.007588,0.024701
VB1_T11,VB1,-0.00287,-0.003068,0.002378,0.008317,0.006967,-0.022282,0.001512,0.002328,0.002694,0.006047,0.007916,0.020797
VB1_T12,VB1,-0.004542,-0.000909,0.001487,0.008165,0.004969,-0.007658,0.003785,0.003857,0.004,0.007231,0.008181,0.009703
VB2_T1,VB2,-0.000524,-0.01844,-0.055086,-0.087801,-0.024792,0.011472,5e-05,0.029571,0.225603,0.599315,0.622973,0.626387
VB2_T2,VB2,-0.000538,-0.019669,-0.056238,-0.100715,-0.026572,0.01291,5.3e-05,0.033637,0.237958,0.729678,0.756854,0.761178
VB2_T3,VB2,-0.000594,-0.019956,-0.056584,-0.112763,-0.027103,0.00923,6.5e-05,0.034638,0.241479,0.85788,0.886154,0.888364
VB2_T4,VB2,-0.000645,-0.019334,-0.05626,-0.116776,-0.026826,0.004156,7.6e-05,0.032527,0.237004,0.898066,0.925764,0.926212
VB2_T5,VB2,-0.000672,-0.018801,-0.05588,-0.118011,-0.026852,0.000146,8.3e-05,0.030768,0.232493,0.907614,0.935367,0.935368
VB2_T6,VB2,-0.000703,-0.018269,-0.055558,-0.118444,-0.026854,-0.003274,9.1e-05,0.029066,0.228475,0.908553,0.93631,0.936588
VB2_T7,VB2,-0.000812,-0.017126,-0.054821,-0.118222,-0.028452,-0.013192,0.000121,0.025583,0.219738,0.897272,0.92843,0.932945
VB2_T8,VB2,-0.000858,-0.016186,-0.05402,-0.117291,-0.029883,-0.021242,0.000135,0.022878,0.2114,0.878307,0.912677,0.924385
VB2_T9,VB2,-0.000977,-0.015187,-0.053385,-0.116181,-0.031021,-0.026438,0.000175,0.020198,0.204314,0.858656,0.895696,0.91383
VB2_T10,VB2,-0.001424,-0.013342,-0.052711,-0.114058,-0.033391,-0.031059,0.000372,0.015826,0.19532,0.825963,0.868879,0.893907
VB2_T11,VB2,-0.00164,-0.012743,-0.052374,-0.112998,-0.034408,-0.032427,0.000494,0.01459,0.191797,0.810772,0.856339,0.883621
VB2_T12,VB2,-0.003486,-0.010452,-0.051088,-0.108222,-0.037757,-0.034865,0.00223,0.011714,0.18033,0.748092,0.802962,0.834501
VB3_T1,VB3,4.4e-05,-0.017602,-0.051995,-0.083026,-0.02424,0.009606,0.0,0.026898,0.201552,0.535719,0.558334,0.560728
VB3_T2,VB3,-6e-06,-0.019221,-0.054214,-0.096041,-0.026438,0.011366,0.0,0.032073,0.221952,0.669091,0.695995,0.699346
VB3_T3,VB3,-0.000122,-0.01994,-0.055478,-0.108854,-0.02726,0.009225,3e-06,0.034519,0.233354,0.807761,0.836363,0.838571
VB3_T4,VB3,-0.000253,-0.019458,-0.055395,-0.113658,-0.026762,0.005422,1.2e-05,0.032882,0.231122,0.857356,0.884922,0.885685
VB3_T5,VB3,-0.000356,-0.018928,-0.055195,-0.115486,-0.026578,0.002074,2.3e-05,0.031125,0.227936,0.874475,0.901664,0.901776
VB3_T6,VB3,-0.00046,-0.018341,-0.055002,-0.116335,-0.026423,-0.001051,3.9e-05,0.029243,0.224679,0.88075,0.907623,0.907651
VB3_T7,VB3,-0.000775,-0.017206,-0.054793,-0.117466,-0.028105,-0.010242,0.00011,0.025811,0.21977,0.888668,0.919071,0.921793
VB3_T8,VB3,-0.000933,-0.016333,-0.054081,-0.117185,-0.029849,-0.018208,0.00016,0.023318,0.212266,0.877967,0.912259,0.920861
VB3_T9,VB3,-0.001129,-0.015279,-0.053481,-0.116443,-0.031121,-0.023816,0.000234,0.0205,0.205281,0.862578,0.899855,0.914572
VB3_T10,VB3,-0.001576,-0.013476,-0.052888,-0.11489,-0.033443,-0.029009,0.000456,0.016222,0.196929,0.836808,0.879857,0.901691
VB3_T11,VB3,-0.001776,-0.012827,-0.052596,-0.114002,-0.034485,-0.030534,0.000578,0.014863,0.193575,0.823601,0.869374,0.893565
VB3_T12,VB3,-0.003393,-0.01048,-0.051641,-0.110026,-0.038188,-0.033523,0.002112,0.011647,0.18393,0.770774,0.826906,0.856064
VB4_T1,VB4,4.4e-05,-0.017605,-0.051995,-0.083025,-0.024245,0.009608,0.0,0.026907,0.20156,0.535721,0.558347,0.560742
VB4_T2,VB4,-5e-06,-0.019224,-0.054214,-0.09604,-0.026443,0.011367,0.0,0.032084,0.221961,0.669094,0.696008,0.69936
VB4_T3,VB4,-0.000121,-0.019943,-0.055477,-0.108853,-0.027264,0.009225,3e-06,0.034532,0.233363,0.807766,0.836376,0.838584
VB4_T4,VB4,-0.000253,-0.019462,-0.055395,-0.113658,-0.026764,0.005422,1.2e-05,0.032893,0.231131,0.857363,0.884933,0.885696
VB4_T5,VB4,-0.000356,-0.018931,-0.055195,-0.115486,-0.026579,0.002074,2.3e-05,0.031135,0.227944,0.874483,0.901675,0.901786
VB4_T6,VB4,-0.00046,-0.018344,-0.055001,-0.116335,-0.026423,-0.001051,3.9e-05,0.029252,0.224686,0.880759,0.907633,0.907661
VB4_T7,VB4,-0.000774,-0.017208,-0.054793,-0.117467,-0.028104,-0.010243,0.00011,0.025817,0.219775,0.888679,0.919079,0.921801
VB4_T8,VB4,-0.000932,-0.016334,-0.054081,-0.117186,-0.029847,-0.018208,0.00016,0.023322,0.21227,0.877977,0.912265,0.920867
VB4_T9,VB4,-0.001129,-0.01528,-0.053481,-0.116444,-0.031119,-0.023817,0.000234,0.020504,0.205284,0.862587,0.89986,0.914578
VB4_T10,VB4,-0.001576,-0.013477,-0.052888,-0.114891,-0.033442,-0.029009,0.000456,0.016225,0.196931,0.836817,0.879863,0.901697
VB4_T11,VB4,-0.001775,-0.012828,-0.052596,-0.114003,-0.034484,-0.030535,0.000578,0.014865,0.193578,0.82361,0.86938,0.89357
VB4_T12,VB4,-0.003393,-0.010481,-0.051641,-0.110026,-0.038187,-0.033524,0.002112,0.011648,0.183931,0.770779,0.826907,0.856066
VB5_T1,VB5,6.1e-05,-0.017011,-0.053142,-0.075717,-0.022231,0.007854,1e-06,0.025124,0.207565,0.485487,0.504509,0.50611
VB5_T2,VB5,0.000199,-0.017977,-0.053418,-0.086899,-0.023441,0.012129,7e-06,0.028064,0.21241,0.578479,0.599628,0.603445
VB5_T3,VB5,0.000342,-0.018072,-0.053335,-0.097891,-0.023242,0.015674,2.1e-05,0.028374,0.212147,0.676681,0.697472,0.703846
VB5_T4,VB5,0.000212,-0.017062,-0.053385,-0.103093,-0.022469,0.01734,8e-06,0.02528,0.209399,0.724617,0.74405,0.751852
VB5_T5,VB5,0.000118,-0.016068,-0.053048,-0.105235,-0.022597,0.017321,3e-06,0.022415,0.204212,0.741067,0.760722,0.768506
VB5_T6,VB5,0.000111,-0.015325,-0.052582,-0.106104,-0.022966,0.016074,2e-06,0.020391,0.199008,0.744759,0.76506,0.771764
VB5_T7,VB5,0.00086,-0.014031,-0.051478,-0.107334,-0.026305,0.010755,0.000136,0.017227,0.188424,0.746902,0.773536,0.776537
VB5_T8,VB5,0.00189,-0.012091,-0.050756,-0.108233,-0.030208,0.004025,0.000655,0.013346,0.179778,0.747648,0.782771,0.783191
VB5_T9,VB5,0.002361,-0.011087,-0.050055,-0.108674,-0.03247,-0.003571,0.001023,0.011693,0.173557,0.746066,0.786647,0.786977
VB5_T10,VB5,0.002415,-0.00975,-0.049075,-0.107996,-0.035271,-0.013787,0.00107,0.009322,0.164907,0.730295,0.778178,0.78311
VB5_T11,VB5,0.002397,-0.009111,-0.04865,-0.10729,-0.0359,-0.017258,0.001054,0.008261,0.161161,0.719189,0.768794,0.776522
VB5_T12,VB5,0.002489,-0.008854,-0.046658,-0.101967,-0.03586,-0.028636,0.001136,0.007941,0.14858,0.652603,0.7021,0.723376
VB6_T1,VB6,-9.2e-05,6.8e-05,-0.001754,0.004158,0.000134,-0.002709,2e-06,2e-06,0.000201,0.001039,0.00104,0.00123
VB6_T2,VB6,-0.000107,-0.000278,-0.00437,0.004424,-0.000106,-0.002975,2e-06,9e-06,0.001243,0.002191,0.002192,0.002422
VB6_T3,VB6,-0.000526,-0.003698,-0.026187,0.01633,-0.00225,-0.009119,5.1e-05,0.001238,0.04554,0.058467,0.058661,0.060819
VB6_T4,VB6,-0.000501,-0.00462,-0.028049,0.01595,-0.003097,-0.005986,4.6e-05,0.001899,0.052725,0.065057,0.065427,0.066356
VB6_T5,VB6,-0.000497,-0.00517,-0.028804,0.0156,-0.003463,-0.003628,4.5e-05,0.002366,0.055966,0.067763,0.068225,0.068566
VB6_T6,VB6,-0.000485,-0.005614,-0.02926,0.015193,-0.003677,-0.001694,4.3e-05,0.002779,0.05809,0.069279,0.0698,0.069874
VB6_T7,VB6,-0.000353,-0.0068,-0.030198,0.013627,-0.003336,0.003875,2.3e-05,0.004037,0.062951,0.071952,0.07238,0.07277
VB6_T8,VB6,-0.000272,-0.007668,-0.030835,0.012052,-0.002672,0.008473,1.4e-05,0.005118,0.06654,0.073582,0.073856,0.075719
VB6_T9,VB6,-0.000201,-0.008377,-0.031303,0.010813,-0.002083,0.011447,7e-06,0.006099,0.069401,0.075069,0.075236,0.078636
VB6_T10,VB6,1.8e-05,-0.009512,-0.031818,0.008777,-0.000789,0.014291,0.0,0.007855,0.073259,0.076994,0.077018,0.082316
VB6_T11,VB6,0.000117,-0.009878,-0.03205,0.00792,-0.000309,0.015178,3e-06,0.008472,0.074831,0.077872,0.077876,0.083852
VB6_T12,VB6,0.00087,-0.011283,-0.032868,0.00378,0.001318,0.017562,0.000139,0.011191,0.080983,0.081676,0.081742,0.089744
V1_T1,V1,-0.001456,-0.004893,-0.066851,0.048595,0.006259,-0.004995,0.000389,0.002467,0.291178,0.405656,0.407164,0.407811
V1_T2,V1,-0.001464,-0.005405,-0.071322,0.051066,0.00661,-0.005525,0.000393,0.002929,0.331556,0.45797,0.459652,0.460444
V1_T3,V1,-0.00151,-0.006081,-0.077941,0.055178,0.007126,-0.006857,0.000418,0.003629,0.396078,0.543669,0.545624,0.546844
V1_T4,V1,-0.00156,-0.006469,-0.081955,0.057699,0.007115,-0.006884,0.000447,0.004079,0.437991,0.599379,0.601328,0.602557
V1_T5,V1,-0.001526,-0.006583,-0.08354,0.058555,0.007268,-0.005532,0.000427,0.004189,0.455054,0.621264,0.623297,0.624091
V1_T6,V1,-0.001574,-0.006615,-0.084649,0.059118,0.007174,-0.004885,0.000454,0.004253,0.467163,0.636586,0.638567,0.639186
V1_T7,V1,-0.00142,-0.006854,-0.086166,0.059131,0.007508,0.002318,0.00037,0.004448,0.484097,0.653594,0.655763,0.655903
V1_T8,V1,-0.001305,-0.007042,-0.086837,0.058611,0.007873,0.008423,0.000313,0.004618,0.491771,0.658303,0.660688,0.662529
V1_T9,V1,-0.001274,-0.007262,-0.087641,0.058274,0.007911,0.011601,0.000298,0.004876,0.501088,0.66571,0.668119,0.671611
V1_T10,V1,-0.001247,-0.007581,-0.088455,0.057691,0.00811,0.014578,0.000285,0.005275,0.510742,0.672083,0.674615,0.680128
V1_T11,V1,-0.001254,-0.007677,-0.08871,0.057441,0.008157,0.015304,0.000289,0.005405,0.5138,0.673747,0.676308,0.682386
V1_T12,V1,-0.001156,-0.007842,-0.088144,0.055324,0.008324,0.018929,0.000245,0.005584,0.507502,0.655878,0.658545,0.667842
V2_T1,V2,0.00299,-0.004075,0.006124,-0.041803,-0.004468,-0.010171,0.00164,0.003081,0.005504,0.090219,0.090987,0.093671
V2_T2,V2,0.003332,-0.003665,0.009816,-0.042942,-0.005149,-0.036036,0.002037,0.003203,0.009428,0.098819,0.09984,0.133532
V2_T3,V2,0.003788,-0.002486,0.008702,-0.034302,-0.006227,-0.0741,0.002632,0.003169,0.008061,0.0651,0.066593,0.209054
V2_T4,V2,0.004298,-0.001828,0.005122,-0.028137,-0.007834,-0.086546,0.003389,0.003679,0.005374,0.043753,0.046116,0.240453
V2_T5,V2,0.004606,-0.001301,0.002489,-0.025722,-0.008652,-0.085202,0.003892,0.004039,0.004439,0.036512,0.039393,0.227739
V2_T6,V2,0.004851,-0.000916,0.00039,-0.024718,-0.009215,-0.078996,0.004317,0.004389,0.004399,0.034016,0.037285,0.199195
V2_T7,V2,0.006171,-0.00159,-0.005841,-0.024928,-0.011573,-0.052624,0.006987,0.007206,0.009411,0.039534,0.04469,0.116539
V2_T8,V2,0.007386,-0.002704,-0.010446,-0.028056,-0.012397,-0.035015,0.010008,0.010642,0.017691,0.05585,0.061766,0.093577
V2_T9,V2,0.008259,-0.002779,-0.01294,-0.030609,-0.012719,-0.027043,0.012515,0.013185,0.024002,0.06942,0.075647,0.094622
V2_T10,V2,0.009117,-0.002628,-0.015528,-0.034012,-0.014442,-0.021734,0.015248,0.015847,0.031425,0.087502,0.095531,0.107787
V2_T11,V2,0.009497,-0.00298,-0.016234,-0.035011,-0.014486,-0.020465,0.016546,0.017317,0.034343,0.093765,0.101842,0.112709
V2_T12,V2,0.010271,-0.001633,-0.018286,-0.037327,-0.016849,-0.021134,0.019355,0.019586,0.041187,0.108731,0.119658,0.131246
V3_T1,V3,-0.00073,-0.003917,-0.040917,0.0236,0.001959,-0.03032,9.8e-05,0.00143,0.10959,0.136591,0.136739,0.16059
V3_T2,V3,-0.000861,-0.004681,-0.049913,0.030161,0.002382,-0.032384,0.000136,0.002038,0.162981,0.207079,0.207297,0.234507
V3_T3,V3,-0.000998,-0.005773,-0.062553,0.03924,0.003126,-0.029249,0.000183,0.003076,0.255858,0.3305,0.330876,0.353073
V3_T4,V3,-0.001086,-0.006532,-0.070172,0.044161,0.003803,-0.023728,0.000216,0.00392,0.322029,0.416566,0.417123,0.43173
V3_T5,V3,-0.001065,-0.006825,-0.074259,0.046682,0.004484,-0.01873,0.000208,0.004252,0.3605,0.46614,0.466914,0.476016
V3_T6,V3,-0.001099,-0.007085,-0.076947,0.048218,0.004953,-0.014546,0.000222,0.004579,0.387085,0.49979,0.500735,0.506224
V3_T7,V3,-0.001111,-0.007874,-0.084315,0.052118,0.006243,-0.00116,0.000226,0.005609,0.464868,0.596544,0.598044,0.598079
V3_T8,V3,-0.001134,-0.008268,-0.088795,0.054137,0.00717,0.008045,0.000236,0.006171,0.515535,0.657609,0.659588,0.661267
V3_T9,V3,-0.001098,-0.008634,-0.090799,0.054589,0.007449,0.012818,0.000221,0.006692,0.539311,0.683768,0.685903,0.690166
V3_T10,V3,-0.001058,-0.008925,-0.092125,0.054193,0.008094,0.017406,0.000206,0.007121,0.555408,0.697781,0.700303,0.708164
V3_T11,V3,-0.001004,-0.009062,-0.092407,0.053938,0.008307,0.018858,0.000185,0.007314,0.55896,0.699997,0.702652,0.711879
V3_T12,V3,-0.00091,-0.009208,-0.091476,0.051887,0.008706,0.022931,0.000152,0.007513,0.548098,0.678611,0.681528,0.695171
V4_T1,V4,-0.000889,-0.004626,-0.049689,0.029249,0.002347,-0.034716,0.000145,0.002003,0.161505,0.202976,0.203189,0.234458
V4_T2,V4,-0.001064,-0.005636,-0.062381,0.038907,0.003235,-0.036967,0.000208,0.002965,0.254364,0.327744,0.328147,0.363603
V4_T3,V4,-0.001311,-0.007043,-0.080807,0.052727,0.004956,-0.031489,0.000315,0.004622,0.426461,0.561232,0.562178,0.587904
V4_T4,V4,-0.001377,-0.007799,-0.089537,0.059085,0.005994,-0.023362,0.000348,0.005628,0.523545,0.692777,0.69416,0.70832
V4_T5,V4,-0.001349,-0.008012,-0.092805,0.061373,0.006633,-0.017072,0.000334,0.005907,0.562322,0.744916,0.746609,0.754171
V4_T6,V4,-0.001401,-0.008071,-0.094324,0.062378,0.00699,-0.012415,0.00036,0.006015,0.58079,0.769414,0.771295,0.775294
V4_T7,V4,-0.00138,-0.0081,-0.095654,0.063038,0.007726,0.000748,0.00035,0.006045,0.597138,0.789772,0.792069,0.792084
V4_T8,V4,-0.001344,-0.007983,-0.094729,0.062096,0.008118,0.008295,0.000331,0.005864,0.585587,0.772508,0.775045,0.77683
V4_T9,V4,-0.001311,-0.008029,-0.093885,0.060987,0.008131,0.011917,0.000315,0.005912,0.575342,0.755647,0.758192,0.761877
V4_T10,V4,-0.00126,-0.008142,-0.092757,0.05941,0.008316,0.015438,0.000291,0.006047,0.561887,0.732985,0.735647,0.74183
V4_T11,V4,-0.001254,-0.008166,-0.092353,0.058822,0.008373,0.016301,0.000289,0.006078,0.557082,0.724813,0.727512,0.734406
V4_T12,V4,-0.001158,-0.008147,-0.090419,0.056146,0.008483,0.019715,0.000246,0.006008,0.534176,0.68699,0.68976,0.699844
V5,V5,-4.6e-05,-0.008684,-0.090993,0.044914,0.007336,0.02038,0.0,0.006548,0.54144,0.639232,0.641303,0.65208
V8_T1_T2,V8,-0.000386,-0.002129,-0.024068,0.01788,0.001028,-0.003964,2.7e-05,0.000421,0.037842,0.053339,0.05338,0.053787
V8_T1_T3,V8,-0.000535,-0.003731,-0.04069,0.028685,0.00223,0.012941,5.3e-05,0.001261,0.108224,0.148113,0.148305,0.15265
V8_T1_T4,V8,-0.000557,-0.004641,-0.048012,0.032741,0.00297,0.029506,5.7e-05,0.001926,0.150845,0.202811,0.203151,0.22574
V8_T1_T5,V8,-0.000492,-0.004902,-0.051104,0.03398,0.003688,0.041009,4.4e-05,0.00213,0.170851,0.226824,0.227348,0.270981
V8_T1_T6,V8,-0.000557,-0.005044,-0.052767,0.034329,0.004166,0.049651,5.7e-05,0.002265,0.182142,0.239271,0.23994,0.303902
V8_T1_T7,V8,-0.000559,-0.005434,-0.055516,0.033853,0.005124,0.071553,5.7e-05,0.00262,0.201727,0.257282,0.258292,0.391127
V8_T1_T8,V8,-0.000582,-0.005543,-0.056004,0.032543,0.005709,0.082582,6.2e-05,0.00273,0.205356,0.256697,0.257951,0.434894
V8_T1_T9,V8,-0.00056,-0.005838,-0.056163,0.03118,0.005773,0.087558,5.7e-05,0.003016,0.206793,0.253921,0.255204,0.454114
V8_T1_T10,V8,-0.000504,-0.006268,-0.056027,0.029098,0.006222,0.091834,4.7e-05,0.003457,0.206246,0.247291,0.248781,0.467592
V8_T1_T11,V8,-0.0005,-0.006381,-0.055915,0.028296,0.006414,0.092785,4.6e-05,0.003581,0.205561,0.244376,0.245959,0.469325
V8_T1_T12,V8,-0.000401,-0.006552,-0.055213,0.0251,0.006707,0.095372,2.9e-05,0.003756,0.200694,0.231235,0.232966,0.468959
V8_T2_T3,V8,-0.000347,-0.002711,-0.028503,0.019967,0.001687,0.021888,2.2e-05,0.00066,0.053146,0.072472,0.072582,0.085012
V8_T2_T4,V8,-0.000364,-0.003732,-0.036016,0.023765,0.002357,0.042229,2.4e-05,0.001233,0.085031,0.112408,0.112622,0.15889
V8_T2_T5,V8,-0.000281,-0.004014,-0.039272,0.024758,0.003147,0.056508,1.5e-05,0.001413,0.10105,0.130764,0.131145,0.213994
V8_T2_T6,V8,-0.000343,-0.004189,-0.04107,0.024881,0.003702,0.067421,2.2e-05,0.001545,0.110515,0.140525,0.141053,0.258991
V8_T2_T7,V8,-0.000344,-0.004749,-0.044514,0.023949,0.004775,0.09489,2.2e-05,0.00198,0.129989,0.157794,0.158672,0.392288
V8_T2_T8,V8,-0.000399,-0.004951,-0.045621,0.022416,0.005506,0.108598,2.9e-05,0.002157,0.136616,0.160975,0.162142,0.468129
V8_T2_T9,V8,-0.000374,-0.005368,-0.046124,0.020793,0.005614,0.114571,2.6e-05,0.002527,0.139965,0.160923,0.162136,0.502708
V8_T2_T10,V8,-0.000311,-0.005968,-0.046414,0.018361,0.006244,0.119335,1.8e-05,0.00311,0.142279,0.158623,0.160124,0.529608
V8_T2_T11,V8,-0.000306,-0.006131,-0.046447,0.017433,0.006518,0.120311,1.7e-05,0.00328,0.142649,0.157382,0.159017,0.534572
V8_T2_T12,V8,-0.000191,-0.006373,-0.046156,0.01386,0.006894,0.121949,7e-06,0.003533,0.141162,0.150474,0.152303,0.538154
V8_T3_T4,V8,-0.000174,-0.002447,-0.019187,0.010912,0.001208,0.042175,6e-06,0.000525,0.024308,0.03008,0.030136,0.076286
V8_T3_T5,V8,-0.000102,-0.00287,-0.023507,0.011735,0.002292,0.062763,2e-06,0.000717,0.036417,0.043093,0.043295,0.1455
V8_T3_T6,V8,-0.000114,-0.003084,-0.025817,0.011597,0.002948,0.078284,2e-06,0.000828,0.043887,0.050406,0.050741,0.209744
V8_T3_T7,V8,-9.8e-05,-0.004008,-0.030578,0.009709,0.004268,0.116271,2e-06,0.001396,0.061801,0.066371,0.067072,0.417826
V8_T3_T8,V8,-0.000221,-0.004382,-0.032731,0.007616,0.005261,0.135122,9e-06,0.001676,0.070886,0.073698,0.074763,0.548471
V8_T3_T9,V8,-0.00019,-0.005062,-0.033837,0.005476,0.005451,0.142827,7e-06,0.002231,0.076196,0.07765,0.078793,0.608067
V8_T3_T10,V8,-9.2e-05,-0.006022,-0.034779,0.002388,0.006371,0.148059,2e-06,0.003149,0.08129,0.081566,0.083129,0.651892
V8_T3_T11,V8,-8.3e-05,-0.006271,-0.035012,0.00124,0.006779,0.148829,1e-06,0.003416,0.082608,0.082682,0.084451,0.659145
V8_T3_T12,V8,8.5e-05,-0.006659,-0.035357,-0.002793,0.007243,0.147893,1e-06,0.003851,0.084613,0.084991,0.08701,0.654497
V8_T4_T5,V8,-0.000121,-0.001581,-0.013814,0.004914,0.002233,0.051547,3e-06,0.00022,0.012548,0.013718,0.01391,0.08285
V8_T4_T6,V8,-9.6e-05,-0.002033,-0.017293,0.004826,0.00294,0.073047,2e-06,0.00036,0.01968,0.020809,0.021142,0.159581
V8_T4_T7,V8,-1.4e-05,-0.003346,-0.023295,0.002525,0.004333,0.118791,0.0,0.000972,0.036029,0.036338,0.037061,0.403184
V8_T4_T8,V8,-0.000217,-0.003862,-0.026189,-2.6e-05,0.005472,0.140685,9e-06,0.001303,0.045613,0.045613,0.046766,0.560282
V8_T4_T9,V8,-0.00017,-0.00475,-0.027738,-0.002571,0.005706,0.149293,5e-06,0.001964,0.051668,0.051988,0.053241,0.631523
V8_T4_T10,V8,-3.8e-05,-0.006059,-0.029143,-0.006123,0.006741,0.154598,0.0,0.003188,0.058054,0.059872,0.061621,0.681727
V8_T4_T11,V8,-2e-05,-0.0064,-0.029508,-0.007393,0.007226,0.155088,0.0,0.003556,0.059809,0.062458,0.064468,0.688512
V8_T4_T12,V8,0.000209,-0.006875,-0.030304,-0.011612,0.007726,0.152041,8e-06,0.004111,0.063437,0.069974,0.072272,0.672034
V8_T5_T6,V8,-0.000132,-0.001455,-0.011334,0.001892,0.002035,0.056992,3e-06,0.000187,0.008487,0.00866,0.008819,0.093092
V8_T5_T7,V8,5e-06,-0.003167,-0.019047,-0.000327,0.003748,0.111149,0.0,0.000871,0.024307,0.024312,0.024853,0.345387
V8_T5_T8,V8,-0.000235,-0.003808,-0.022509,-0.003215,0.004985,0.135163,1e-05,0.001269,0.034002,0.034503,0.035459,0.50946
V8_T5_T9,V8,-0.000179,-0.004791,-0.024346,-0.006035,0.005286,0.14443,6e-06,0.001998,0.040289,0.042055,0.04313,0.584352
V8_T5_T10,V8,-2.2e-05,-0.006348,-0.026017,-0.0099,0.006464,0.149933,0.0,0.003499,0.047226,0.051977,0.053585,0.636832
V8_T5_T11,V8,1.2e-05,-0.006745,-0.02647,-0.011256,0.007021,0.15037,0.0,0.003949,0.049215,0.055357,0.057254,0.643909
V8_T5_T12,V8,0.0003,-0.007269,-0.027572,-0.015644,0.007576,0.146741,1.7e-05,0.004604,0.053716,0.06558,0.067789,0.62647
V8_T6_T7,V8,1e-06,-0.003066,-0.015834,-0.001527,0.003286,0.09847,0.0,0.000816,0.017013,0.017126,0.017542,0.269116
V8_T6_T8,V8,-0.000232,-0.003789,-0.01986,-0.004745,0.004588,0.124965,1e-05,0.001256,0.026737,0.027829,0.028639,0.433807
V8_T6_T9,V8,-0.000184,-0.004782,-0.021944,-0.007831,0.00499,0.135001,6e-06,0.001991,0.0331,0.036073,0.037031,0.50989
V8_T6_T10,V8,1e-06,-0.006522,-0.023827,-0.011968,0.006296,0.14093,0.0,0.003692,0.04037,0.047313,0.048839,0.564144
V8_T6_T11,V8,4.6e-05,-0.006954,-0.024351,-0.013412,0.006937,0.141464,0.0,0.004198,0.042506,0.051226,0.053078,0.572301
V8_T6_T12,V8,0.000383,-0.007511,-0.02568,-0.017984,0.007526,0.137946,2.7e-05,0.004924,0.047528,0.063207,0.065388,0.559102
V8_T7_T8,V8,-0.000473,-0.002286,-0.013017,-0.006748,0.003764,0.083267,4.1e-05,0.000495,0.011441,0.013648,0.014193,0.194082
V8_T7_T9,V8,-0.000461,-0.003626,-0.015996,-0.010757,0.004278,0.0981,3.9e-05,0.00118,0.01771,0.02332,0.024024,0.273714
V8_T7_T10,V8,-8.6e-05,-0.006065,-0.018558,-0.016067,0.006021,0.106255,1e-06,0.003195,0.025444,0.037957,0.039353,0.332282
V8_T7_T11,V8,3e-05,-0.00671,-0.019345,-0.017896,0.006947,0.107519,0.0,0.003909,0.028084,0.043611,0.045468,0.345404
V8_T7_T12,V8,0.000616,-0.00738,-0.021312,-0.023237,0.007588,0.105268,7e-05,0.004798,0.034141,0.060317,0.062533,0.350046
V8_T8_T9,V8,-0.000333,-0.003699,-0.010645,-0.009779,0.002613,0.062789,2e-05,0.001209,0.008529,0.013164,0.013427,0.115717
V8_T8_T10,V8,9.9e-05,-0.006843,-0.014219,-0.016533,0.005209,0.076337,2e-06,0.004067,0.017129,0.03038,0.031424,0.182618
V8_T8_T11,V8,0.000307,-0.007589,-0.01528,-0.018855,0.006433,0.078458,1.7e-05,0.005017,0.0201,0.037335,0.038928,0.19864
V8_T8_T12,V8,0.001171,-0.008095,-0.01804,-0.025391,0.007096,0.078417,0.000252,0.005941,0.026966,0.058218,0.060156,0.219699
V8_T9_T10,V8,0.00022,-0.00696,-0.010727,-0.01468,0.005596,0.054717,9e-06,0.004215,0.011648,0.022095,0.0233,0.100979
V8_T9_T11,V8,0.000493,-0.007779,-0.012116,-0.017467,0.006961,0.058404,4.5e-05,0.005297,0.014781,0.029572,0.031437,0.119939
V8_T9_T12,V8,0.001633,-0.00819,-0.015757,-0.02542,0.007267,0.061038,0.000489,0.006313,0.022354,0.053678,0.05571,0.152374
V8_T10_T11,V8,0.000478,-0.005155,-0.007209,-0.011894,0.006277,0.031226,4.2e-05,0.002349,0.005706,0.012564,0.014081,0.039379
V8_T10_T12,V8,0.002046,-0.00623,-0.013022,-0.023616,0.006203,0.041239,0.000768,0.004137,0.015093,0.042129,0.043611,0.087735
V8_T11_T12,V8,0.002091,-0.005017,-0.011936,-0.022204,0.004551,0.034619,0.000802,0.002987,0.012191,0.036091,0.036888,0.067983
PV1_T1,PV1,-0.000875,-0.001798,0.006846,-0.018165,-0.00647,-0.034962,0.00014,0.000421,0.003449,0.019444,0.021056,0.05277
PV1_T2,PV1,-0.001141,-0.002626,0.002955,-0.018841,-0.006677,-0.043242,0.000239,0.000838,0.001402,0.01861,0.020326,0.06884
PV1_T3,PV1,-0.001337,-0.003267,-0.00344,-0.020038,-0.006684,-0.047114,0.000328,0.001254,0.002019,0.021483,0.023203,0.080794
PV1_T4,PV1,-0.001324,-0.003394,-0.007579,-0.022179,-0.00704,-0.042307,0.000322,0.001322,0.005032,0.028879,0.030786,0.077224
PV1_T5,PV1,-0.001226,-0.003129,-0.009533,-0.023348,-0.007746,-0.03567,0.000276,0.001126,0.006998,0.033423,0.035732,0.068745
PV1_T6,PV1,-0.000827,-0.002934,-0.010438,-0.023482,-0.008552,-0.029304,0.000126,0.000873,0.007911,0.03464,0.037456,0.059735
PV1_T7,PV1,0.00167,-0.002358,-0.013595,-0.027117,-0.010681,-0.00841,0.000511,0.000994,0.012934,0.04858,0.052971,0.054806
PV1_T8,PV1,0.002701,-0.001057,-0.015822,-0.031391,-0.015782,0.002398,0.001338,0.001435,0.017607,0.065375,0.074962,0.075111
PV1_T9,PV1,0.002765,-0.00074,-0.016463,-0.033208,-0.01712,0.005635,0.001402,0.00145,0.01896,0.072419,0.0837,0.084524
PV1_T10,PV1,0.002751,0.000409,-0.015957,-0.033172,-0.019544,0.004519,0.001388,0.001403,0.017852,0.071195,0.085897,0.086427
PV1_T11,PV1,0.002902,0.001521,-0.016141,-0.03345,-0.020739,0.003337,0.001545,0.001746,0.018577,0.072818,0.089374,0.089663
PV1_T12,PV1,0.003931,-0.001687,-0.016252,-0.035031,-0.017246,-0.004565,0.002834,0.003081,0.020146,0.079635,0.091083,0.091624
PV2,PV2,-0.014409,0.008369,0.007618,0.01472,-0.007044,0.00906,0.03809,0.044171,0.04792,0.058424,0.060333,0.062463
PV3_B1_T1,PV3,-0.032428,-0.007908,-0.056942,-0.008651,-0.014669,-0.055102,0.192917,0.198346,0.407811,0.411439,0.419722,0.498499
PV3_B1_T2,PV3,-0.028542,-0.008045,-0.068491,0.005797,-0.01308,-0.062683,0.149448,0.155067,0.458121,0.45975,0.466336,0.568278
PV3_B1_T3,PV3,-0.022958,-0.008184,-0.085015,0.026897,-0.009904,-0.066399,0.096697,0.102511,0.569431,0.604501,0.608277,0.722665
PV3_B1_T4,PV3,-0.019527,-0.008147,-0.092519,0.037729,-0.007887,-0.063755,0.069952,0.075714,0.628705,0.69771,0.700104,0.805565
PV3_B1_T5,PV3,-0.017639,-0.007954,-0.095356,0.042548,-0.00662,-0.06032,0.05708,0.062573,0.649996,0.737754,0.739441,0.833844
PV3_B1_T6,PV3,-0.016423,-0.007744,-0.096345,0.045096,-0.005829,-0.057304,0.049482,0.054688,0.654357,0.752942,0.75425,0.839449
PV3_B1_T7,PV3,-0.013468,-0.00733,-0.09719,0.049988,-0.004222,-0.047968,0.033275,0.03794,0.648172,0.769304,0.76999,0.829687
PV3_B1_T8,PV3,-0.011942,-0.00711,-0.096694,0.051529,-0.003242,-0.041525,0.026165,0.030553,0.634572,0.76329,0.763694,0.808433
PV3_B1_T9,PV3,-0.011367,-0.007002,-0.096128,0.051516,-0.002969,-0.038466,0.023705,0.027961,0.624936,0.753591,0.75393,0.792319
PV3_B1_T10,PV3,-0.010844,-0.006805,-0.094539,0.050689,-0.002914,-0.035316,0.021574,0.025594,0.602996,0.72755,0.727877,0.760237
PV3_B1_T11,PV3,-0.010648,-0.006695,-0.093703,0.050196,-0.002876,-0.034282,0.020801,0.024692,0.591919,0.714064,0.714383,0.744875
PV3_B1_T12,PV3,-0.010506,-0.006525,-0.092448,0.048835,-0.003088,-0.031004,0.020249,0.023945,0.576078,0.691686,0.692053,0.716992
PV3_B2_T1,PV3,-0.037442,-0.005304,-0.051494,-0.005804,-0.017302,-0.05389,0.257188,0.259631,0.430935,0.432567,0.444089,0.519438
PV3_B2_T2,PV3,-0.033143,-0.005619,-0.062803,0.007529,-0.015843,-0.062508,0.201521,0.204263,0.459073,0.461821,0.471481,0.572856
PV3_B2_T3,PV3,-0.026793,-0.006034,-0.079241,0.027323,-0.012729,-0.068124,0.131693,0.134854,0.540507,0.576698,0.582934,0.703342
PV3_B2_T4,PV3,-0.022829,-0.006187,-0.086935,0.037598,-0.010642,-0.066625,0.095612,0.098935,0.587188,0.655717,0.660077,0.775244
PV3_B2_T5,PV3,-0.020641,-0.006108,-0.089944,0.042192,-0.009309,-0.063771,0.078164,0.081403,0.604039,0.690334,0.69367,0.799182
PV3_B2_T6,PV3,-0.019189,-0.00599,-0.091108,0.04462,-0.008428,-0.061017,0.067554,0.070669,0.606917,0.703432,0.706166,0.802762
PV3_B2_T7,PV3,-0.0157,-0.005764,-0.092398,0.049295,-0.006634,-0.052303,0.045217,0.048102,0.599642,0.71744,0.719134,0.79011
PV3_B2_T8,PV3,-0.013925,-0.005635,-0.092269,0.050815,-0.005593,-0.046118,0.035571,0.038327,0.588331,0.713505,0.714709,0.769892
PV3_B2_T9,PV3,-0.013252,-0.00554,-0.091829,0.050801,-0.005303,-0.043172,0.032216,0.03488,0.579653,0.704759,0.705842,0.7542
PV3_B2_T10,PV3,-0.012616,-0.005344,-0.090314,0.049968,-0.005242,-0.040009,0.0292,0.03168,0.558624,0.679659,0.680716,0.722247
PV3_B2_T11,PV3,-0.012379,-0.005238,-0.089531,0.049488,-0.005203,-0.038946,0.028113,0.030495,0.548344,0.667066,0.668108,0.707462
PV3_B2_T12,PV3,-0.012215,-0.005011,-0.08818,0.048181,-0.005531,-0.035848,0.027374,0.029554,0.531893,0.644429,0.645606,0.678949
PV3_B3_T1,PV3,-0.044601,-0.000421,-0.039371,-0.000462,-0.02117,-0.049192,0.364928,0.364944,0.465082,0.465093,0.482343,0.545126
PV3_B3_T2,PV3,-0.039979,-0.00095,-0.049566,0.010331,-0.020133,-0.059306,0.293223,0.293301,0.452018,0.457192,0.472794,0.564049
PV3_B3_T3,PV3,-0.032813,-0.001759,-0.065056,0.02695,-0.017464,-0.068431,0.197519,0.197788,0.471205,0.506413,0.518152,0.639648
PV3_B3_T4,PV3,-0.02818,-0.002219,-0.072845,0.035841,-0.015444,-0.069394,0.145682,0.146109,0.488921,0.551192,0.560373,0.685316
PV3_B3_T5,PV3,-0.025589,-0.00234,-0.076126,0.039885,-0.014095,-0.067913,0.120129,0.120604,0.494989,0.572107,0.579754,0.69942
PV3_B3_T6,PV3,-0.023808,-0.002405,-0.077756,0.042092,-0.013114,-0.065941,0.103987,0.104489,0.495077,0.580966,0.587585,0.700401
PV3_B3_T7,PV3,-0.019526,-0.002544,-0.080162,0.04638,-0.011097,-0.05904,0.069944,0.070505,0.485641,0.589921,0.594661,0.685099
PV3_B3_T8,PV3,-0.017394,-0.002578,-0.080865,0.047908,-0.010031,-0.053747,0.055503,0.05608,0.478529,0.589791,0.593664,0.668613
PV3_B3_T9,PV3,-0.016571,-0.002509,-0.080741,0.047934,-0.009734,-0.051173,0.050379,0.050925,0.472081,0.583464,0.587111,0.655054
PV3_B3_T10,PV3,-0.015754,-0.002337,-0.07961,0.047215,-0.009667,-0.048141,0.045529,0.046003,0.455436,0.563502,0.5671,0.627229
PV3_B3_T11,PV3,-0.01545,-0.002244,-0.079016,0.046807,-0.00963,-0.047077,0.043794,0.044231,0.447576,0.553783,0.557353,0.614854
PV3_B3_T12,PV3,-0.015218,-0.00192,-0.077442,0.04559,-0.010147,-0.044325,0.042484,0.042804,0.430245,0.531001,0.534964,0.58594
PV3_B4_T1,PV3,-0.050515,0.008505,-0.011135,0.009302,-0.024831,-0.032868,0.468127,0.474407,0.482417,0.486611,0.510343,0.538373
PV3_B4_T2,PV3,-0.046186,0.007991,-0.016418,0.013882,-0.024854,-0.043415,0.39133,0.396874,0.414289,0.423631,0.447407,0.49631
PV3_B4_T3,PV3,-0.03916,0.007066,-0.025572,0.021563,-0.023894,-0.057254,0.281329,0.285664,0.32791,0.35045,0.372424,0.457474
PV3_B4_T4,PV3,-0.034371,0.006375,-0.031087,0.026,-0.022705,-0.063113,0.216731,0.220259,0.282691,0.315462,0.335305,0.438652
PV3_B4_T5,PV3,-0.031627,0.006025,-0.03379,0.028128,-0.021774,-0.064946,0.183509,0.18666,0.260422,0.298775,0.317024,0.426461
PV3_B4_T6,PV3,-0.029769,0.005715,-0.036003,0.029609,-0.02101,-0.065511,0.162574,0.165409,0.24915,0.291649,0.308639,0.419988
PV3_B4_T7,PV3,-0.025008,0.005067,-0.040106,0.03253,-0.019336,-0.064798,0.114735,0.116964,0.22088,0.272177,0.286568,0.395507
PV3_B4_T8,PV3,-0.022701,0.004881,-0.041951,0.033744,-0.018721,-0.063006,0.094537,0.096605,0.2103,0.265498,0.278987,0.381984
PV3_B4_T9,PV3,-0.021771,0.004949,-0.042457,0.033875,-0.018578,-0.061978,0.086952,0.089079,0.205531,0.261159,0.274443,0.374108
PV3_B4_T10,PV3,-0.02086,0.005085,-0.042868,0.033893,-0.018688,-0.060319,0.079829,0.082074,0.200795,0.256483,0.269925,0.364325
PV3_B4_T11,PV3,-0.020517,0.005153,-0.042935,0.033823,-0.018728,-0.059612,0.077225,0.07953,0.198622,0.254078,0.267578,0.359779
PV3_B4_T12,PV3,-0.020003,0.005548,-0.041272,0.032974,-0.019421,-0.057641,0.073405,0.076077,0.186118,0.238825,0.253342,0.339545
PV3_B5_T1,PV3,-0.041767,0.017551,0.029976,0.019197,-0.021531,-0.00042,0.320033,0.346775,0.404825,0.42269,0.440534,0.440538
PV3_B5_T2,PV3,-0.037892,0.017175,0.034248,0.013665,-0.022255,-0.006295,0.263399,0.289006,0.36478,0.373831,0.392895,0.393923
PV3_B5_T3,PV3,-0.031963,0.016577,0.04053,0.0051,-0.023101,-0.017942,0.187425,0.21128,0.317401,0.318662,0.339203,0.347555
PV3_B5_T4,PV3,-0.028068,0.016034,0.04349,0.000109,-0.023153,-0.025868,0.144523,0.166841,0.289031,0.289031,0.309664,0.327026
PV3_B5_T5,PV3,-0.025891,0.015645,0.044782,-0.002407,-0.023055,-0.030348,0.122975,0.144223,0.273782,0.274063,0.29452,0.318416
PV3_B5_T6,PV3,-0.024626,0.015414,0.045222,-0.003712,-0.023032,-0.03344,0.111257,0.131882,0.263999,0.264667,0.285084,0.314097
PV3_B5_T7,PV3,-0.021093,0.014868,0.04578,-0.006758,-0.022829,-0.040887,0.081622,0.100812,0.236209,0.238423,0.258483,0.301857
PV3_B5_T8,PV3,-0.019233,0.014799,0.046683,-0.008629,-0.02314,-0.04415,0.067863,0.086877,0.227667,0.231277,0.251887,0.302461
PV3_B5_T9,PV3,-0.018521,0.014959,0.046807,-0.009112,-0.023352,-0.045883,0.062932,0.082359,0.2239,0.227924,0.248913,0.303534
PV3_B5_T10,PV3,-0.01818,0.015399,0.046508,-0.008846,-0.024181,-0.047973,0.060632,0.081217,0.22095,0.224744,0.24725,0.306961
PV3_B5_T11,PV3,-0.01802,0.015539,0.046239,-0.008663,-0.024493,-0.048428,0.059573,0.080535,0.218659,0.222297,0.245389,0.306237
PV3_B5_T12,PV3,-0.017458,0.015639,0.044938,-0.007274,-0.025085,-0.049472,0.055912,0.077144,0.207603,0.210169,0.234389,0.297889
PV3_B6_T1,PV3,-0.024889,0.020023,0.053491,0.021902,-0.01374,0.024079,0.113641,0.148447,0.333297,0.356552,0.363818,0.378861
PV3_B6_T2,PV3,-0.02192,0.019384,0.062272,0.009929,-0.014533,0.02245,0.088145,0.120763,0.371282,0.376062,0.384191,0.397267
PV3_B6_T3,PV3,-0.0176,0.018484,0.075467,-0.008012,-0.015836,0.015041,0.05683,0.08649,0.45442,0.457532,0.467184,0.473054
PV3_B6_T4,PV3,-0.014954,0.01776,0.081801,-0.017922,-0.016261,0.008068,0.041026,0.068408,0.500692,0.516263,0.526441,0.52813
PV3_B6_T5,PV3,-0.013546,0.017211,0.084465,-0.022686,-0.016469,0.003346,0.033663,0.059379,0.520281,0.545231,0.55567,0.55596
PV3_B6_T6,PV3,-0.012646,0.016878,0.086134,-0.025564,-0.016567,0.000236,0.029338,0.054069,0.533363,0.565043,0.575608,0.575609
PV3_B6_T7,PV3,-0.010375,0.016078,0.088385,-0.031616,-0.016624,-0.008721,0.019748,0.042191,0.546861,0.595317,0.605954,0.607927
PV3_B6_T8,PV3,-0.009125,0.015694,0.08902,-0.034362,-0.016898,-0.013438,0.015274,0.036656,0.548609,0.605849,0.61684,0.621525
PV3_B6_T9,PV3,-0.00868,0.015701,0.088987,-0.034939,-0.017046,-0.015969,0.013823,0.035226,0.5468,0.605976,0.61716,0.623777
PV3_B6_T10,PV3,-0.008433,0.01598,0.089149,-0.035032,-0.017577,-0.01855,0.013046,0.035214,0.548648,0.60814,0.620031,0.62896
PV3_B6_T11,PV3,-0.008316,0.016031,0.088875,-0.034866,-0.017775,-0.019187,0.012688,0.034999,0.545287,0.604216,0.616377,0.625929
PV3_B6_T12,PV3,-0.008221,0.016141,0.086966,-0.032729,-0.018426,-0.02262,0.0124,0.035017,0.52361,0.575539,0.588607,0.601882
PV3_B7_T1,PV3,-0.013429,0.019646,0.061801,0.021491,-0.008254,0.035486,0.033082,0.06659,0.313335,0.335724,0.338346,0.371017
PV3_B7_T2,PV3,-0.011574,0.018898,0.071812,0.007099,-0.009194,0.035777,0.024576,0.055581,0.388732,0.391175,0.394429,0.427639
PV3_B7_T3,PV3,-0.008898,0.017863,0.086544,-0.013902,-0.010842,0.030294,0.014524,0.042225,0.526089,0.535458,0.539982,0.563794
PV3_B7_T4,PV3,-0.007329,0.017073,0.093324,-0.025109,-0.011534,0.023794,0.009855,0.03516,0.597807,0.62837,0.63349,0.648179
PV3_B7_T5,PV3,-0.006531,0.016473,0.096003,-0.030344,-0.011931,0.019024,0.007826,0.031383,0.6268,0.671436,0.676916,0.686306
PV3_B7_T6,PV3,-0.005949,0.016064,0.097545,-0.03347,-0.01209,0.01589,0.006492,0.028895,0.643597,0.697904,0.70353,0.710081
PV3_B7_T7,PV3,-0.004629,0.015131,0.099233,-0.039792,-0.012314,0.006451,0.003931,0.023807,0.659966,0.736725,0.742562,0.743642
PV3_B7_T8,PV3,-0.003927,0.014634,0.099071,-0.04229,-0.012652,0.001038,0.002829,0.02142,0.655506,0.742204,0.748364,0.748392
PV3_B7_T9,PV3,-0.003689,0.014568,0.098729,-0.042709,-0.012788,-0.001759,0.002496,0.020919,0.650627,0.73905,0.745344,0.745425
PV3_B7_T10,PV3,-0.003523,0.014679,0.098439,-0.042643,-0.013104,-0.004398,0.002278,0.020982,0.646994,0.735143,0.741752,0.742254
PV3_B7_T11,PV3,-0.003448,0.014664,0.097965,-0.042389,-0.013226,-0.005094,0.002181,0.02085,0.640856,0.727961,0.734694,0.735367
PV3_B7_T12,PV3,-0.003478,0.014773,0.096357,-0.040372,-0.013781,-0.008956,0.002219,0.021164,0.620976,0.699989,0.707299,0.70938
BB1_T1,BB1,-0.0734,-0.00781,0.003594,-0.00328,0.004868,0.00456,0.98836,0.993655,0.99449,0.995011,0.995923,0.996463
BB1_T2,BB1,-0.07339,-0.008057,0.003658,-0.003156,0.004401,0.004646,0.988093,0.993728,0.994593,0.995075,0.995821,0.996381
BB1_T3,BB1,-0.073353,-0.008848,0.003843,-0.002855,0.003453,0.004737,0.987111,0.993907,0.994861,0.995256,0.995715,0.996298
BB1_T4,BB1,-0.073304,-0.00975,0.004039,-0.002602,0.002944,0.004689,0.985794,0.994046,0.9951,0.995428,0.995762,0.996332
BB1_T5,BB1,-0.07326,-0.010462,0.004179,-0.002462,0.002869,0.004584,0.984595,0.994098,0.995226,0.99552,0.995836,0.996382
BB1_T6,BB1,-0.073219,-0.011038,0.004277,-0.002399,0.003023,0.004465,0.9835,0.994078,0.99526,0.995539,0.995891,0.996408
BB1_T7,BB1,-0.073011,-0.013309,0.004558,-0.00247,0.005159,0.003925,0.977923,0.993301,0.994643,0.994939,0.995963,0.996363
BB1_T8,BB1,-0.072711,-0.01563,0.00477,-0.002818,0.008979,0.003439,0.969909,0.991116,0.992586,0.992971,0.996074,0.996381
BB1_T9,BB1,-0.072445,-0.017188,0.004846,-0.00321,0.012232,0.003273,0.962819,0.988466,0.989983,0.990483,0.996241,0.996519
BB1_T10,BB1,-0.07197,-0.019214,0.004802,-0.003962,0.017063,0.003409,0.950224,0.982272,0.983762,0.984523,0.995729,0.99603
BB1_T11,BB1,-0.071748,-0.019925,0.004745,-0.004304,0.018883,0.003528,0.94439,0.978854,0.980309,0.981207,0.994932,0.995255
BB1_T12,BB1,-0.070499,-0.022452,0.004311,-0.005903,0.025247,0.004136,0.911791,0.955553,0.956754,0.958444,0.982978,0.983422
BB2_T1,BB2,-0.001767,0.030549,-0.006661,-0.0154,0.060437,-0.013978,0.000573,0.081592,0.084459,0.095956,0.236546,0.241615
BB2_T2,BB2,-0.002228,0.035433,-0.007787,-0.016392,0.061508,-0.013651,0.000911,0.109904,0.113821,0.126848,0.272464,0.277299
BB2_T3,BB2,-0.003143,0.041416,-0.0092,-0.015135,0.050466,-0.01031,0.001812,0.150721,0.156189,0.167294,0.265323,0.268081
BB2_T4,BB2,-0.003826,0.042675,-0.009129,-0.012492,0.035264,-0.007533,0.002686,0.160786,0.166171,0.173736,0.221601,0.223073
BB2_T5,BB2,-0.00424,0.041913,-0.009809,-0.009435,0.024157,-0.006093,0.003298,0.1558,0.162015,0.166331,0.188791,0.189754
BB2_T6,BB2,-0.004549,0.040639,-0.010389,-0.006813,0.015692,-0.005541,0.003796,0.147172,0.154145,0.156395,0.165872,0.166669
BB2_T7,BB2,-0.005583,0.035598,-0.010091,-0.000544,-0.008133,-0.004702,0.005718,0.115726,0.122305,0.122319,0.124865,0.125439
BB2_T8,BB2,-0.006602,0.031295,-0.006646,0.001346,-0.021296,-0.006325,0.007995,0.09302,0.095873,0.095961,0.113417,0.114455
BB2_T9,BB2,-0.007464,0.028916,-0.005609,0.00268,-0.026235,-0.00899,0.01022,0.082809,0.084841,0.085189,0.111682,0.113779
BB2_T10,BB2,-0.008479,0.025333,0.000309,0.001566,-0.029431,-0.011489,0.013189,0.068903,0.068909,0.069028,0.102367,0.105792
BB2_T11,BB2,-0.008975,0.024334,0.001902,0.001206,-0.029271,-0.012943,0.014776,0.066182,0.066416,0.066486,0.099464,0.10381
BB2_T12,BB2,-0.011317,0.018426,0.003362,0.003816,-0.02686,-0.020196,0.023494,0.052969,0.0537,0.054405,0.082175,0.092757
BB3_T1,BB3,-0.001685,0.026159,-0.00676,-0.014771,0.059572,-0.012214,0.000521,0.059925,0.062877,0.073454,0.210048,0.213919
BB3_T2,BB3,-0.002445,0.038333,-0.009854,-0.020365,0.079259,-0.015373,0.001096,0.128661,0.134934,0.15504,0.396832,0.402964
BB3_T3,BB3,-0.004112,0.058356,-0.014126,-0.025444,0.088361,-0.012682,0.003102,0.298734,0.311626,0.343011,0.643531,0.647704
BB3_T4,BB3,-0.005564,0.070249,-0.016245,-0.026127,0.078402,-0.007192,0.00568,0.434098,0.451147,0.484239,0.72083,0.722172
BB3_T5,BB3,-0.006618,0.076154,-0.016928,-0.025041,0.065854,-0.00297,0.008036,0.511501,0.530014,0.560412,0.727331,0.72756
BB3_T6,BB3,-0.007432,0.079414,-0.016928,-0.023219,0.053608,0.000233,0.010132,0.557627,0.576139,0.602275,0.712889,0.712891
BB3_T7,BB3,-0.010505,0.083823,-0.014796,-0.013844,0.00267,0.008313,0.020245,0.630226,0.644369,0.653659,0.653934,0.655726
BB3_T8,BB3,-0.013853,0.083181,-0.012517,-0.006299,-0.037828,0.011161,0.035206,0.63587,0.645991,0.647915,0.702992,0.706223
BB3_T9,BB3,-0.016503,0.081531,-0.010813,-0.001942,-0.058895,0.01078,0.049966,0.627038,0.634591,0.634774,0.768279,0.771294
BB3_T10,BB3,-0.020602,0.077004,-0.00795,0.003338,-0.078319,0.007789,0.077866,0.592632,0.596715,0.597255,0.833346,0.83492
BB3_T11,BB3,-0.022319,0.074589,-0.006824,0.005067,-0.082692,0.006525,0.091384,0.574365,0.577373,0.578617,0.841813,0.842918
BB3_T12,BB3,-0.030002,0.061024,-0.002402,0.009823,-0.083141,0.00248,0.165134,0.488423,0.488795,0.493473,0.759531,0.759691
BB4_T1,BB4,-0.073396,-0.007899,0.003609,-0.003247,0.004735,0.004595,0.988261,0.993678,0.99452,0.995031,0.995894,0.996442
BB4_T2,BB4,-0.073383,-0.008202,0.003682,-0.003113,0.004223,0.004693,0.987923,0.993763,0.994639,0.995108,0.995795,0.996366
BB4_T3,BB4,-0.07334,-0.009104,0.003887,-0.002804,0.003279,0.004776,0.986765,0.99396,0.994936,0.995317,0.995731,0.996322
BB4_T4,BB4,-0.073284,-0.010098,0.004094,-0.002564,0.002849,0.004705,0.985242,0.994093,0.995176,0.995494,0.995807,0.996381
BB4_T5,BB4,-0.073232,-0.010875,0.004243,-0.002439,0.002868,0.00457,0.983857,0.994123,0.995286,0.995575,0.995891,0.996433
BB4_T6,BB4,-0.073185,-0.011504,0.004351,-0.002383,0.003118,0.004422,0.982582,0.994071,0.995294,0.99557,0.995944,0.996451
BB4_T7,BB4,-0.072941,-0.013953,0.004667,-0.002472,0.005809,0.003764,0.976044,0.992945,0.994352,0.994648,0.995947,0.996315
BB4_T8,BB4,-0.072581,-0.016441,0.0049,-0.002833,0.01033,0.003237,0.96643,0.989897,0.991448,0.991837,0.995944,0.996216
BB4_T9,BB4,-0.07226,-0.018083,0.004974,-0.003249,0.014018,0.003093,0.957903,0.98629,0.987888,0.9884,0.995964,0.996212
BB4_T10,BB4,-0.071686,-0.020193,0.004867,-0.004158,0.019283,0.003354,0.942742,0.97814,0.97967,0.980508,0.99482,0.995112
BB4_T11,BB4,-0.071412,-0.020958,0.004758,-0.004628,0.021227,0.003525,0.935569,0.9737,0.975162,0.976201,0.993543,0.993866
BB4_T12,BB4,-0.069878,-0.023487,0.00404,-0.00693,0.027622,0.004145,0.895784,0.943673,0.944728,0.947056,0.976423,0.976868
BB5_T1,BB5,-0.073397,-0.007885,0.003607,-0.003259,0.004788,0.00458,0.988291,0.993689,0.994529,0.995044,0.995926,0.99647
BB5_T2,BB5,-0.073386,-0.008166,0.003672,-0.00314,0.004355,0.004656,0.987991,0.99378,0.994652,0.99513,0.99586,0.996422
BB5_T3,BB5,-0.073348,-0.009005,0.00386,-0.002865,0.003546,0.004724,0.986962,0.994002,0.994965,0.995363,0.995847,0.996426
BB5_T4,BB5,-0.073299,-0.009906,0.004042,-0.002664,0.003234,0.004655,0.985645,0.994165,0.995221,0.995565,0.995967,0.996529
BB5_T5,BB5,-0.073255,-0.010596,0.004168,-0.002566,0.003306,0.004546,0.984477,0.994224,0.995347,0.995666,0.996086,0.996623
BB5_T6,BB5,-0.073215,-0.011164,0.004262,-0.002518,0.003545,0.004434,0.983399,0.99422,0.995394,0.995701,0.996185,0.996695
BB5_T7,BB5,-0.073007,-0.013461,0.004572,-0.002556,0.005862,0.003923,0.977827,0.993557,0.994908,0.995225,0.996547,0.996947
BB5_T8,BB5,-0.072715,-0.015711,0.004763,-0.002894,0.009635,0.00355,0.970018,0.991446,0.992912,0.993318,0.996891,0.997218
BB5_T9,BB5,-0.072457,-0.01719,0.004807,-0.003299,0.01264,0.003453,0.963138,0.98879,0.990282,0.99081,0.996959,0.997269
BB5_T10,BB5,-0.071995,-0.019127,0.00473,-0.004104,0.016971,0.00352,0.9509,0.982661,0.984107,0.984923,0.996009,0.99633
BB5_T11,BB5,-0.071782,-0.019811,0.00466,-0.004472,0.018576,0.003591,0.945273,0.979343,0.980747,0.981716,0.994998,0.995332
BB5_T12,BB5,-0.070642,-0.022113,0.004209,-0.006093,0.024329,0.004081,0.915478,0.957926,0.959071,0.960871,0.983654,0.984086
BB6_T1,BB6,-0.073396,-0.007899,0.003609,-0.003247,0.004735,0.004595,0.988261,0.993678,0.99452,0.995031,0.995894,0.996442
BB6_T2,BB6,-0.073383,-0.008202,0.003682,-0.003113,0.004223,0.004693,0.987923,0.993763,0.994639,0.995108,0.995795,0.996366
BB6_T3,BB6,-0.07334,-0.009104,0.003887,-0.002804,0.003279,0.004776,0.986765,0.99396,0.994936,0.995317,0.995731,0.996322
BB6_T4,BB6,-0.073284,-0.010098,0.004094,-0.002564,0.002849,0.004705,0.985242,0.994093,0.995176,0.995494,0.995807,0.996381
BB6_T5,BB6,-0.073232,-0.010875,0.004243,-0.002439,0.002868,0.00457,0.983857,0.994123,0.995286,0.995575,0.995891,0.996433
BB6_T6,BB6,-0.073185,-0.011504,0.004351,-0.002383,0.003118,0.004422,0.982582,0.994071,0.995294,0.99557,0.995944,0.996451
BB6_T7,BB6,-0.072941,-0.013953,0.004667,-0.002472,0.005809,0.003764,0.976044,0.992945,0.994352,0.994648,0.995947,0.996315
BB6_T8,BB6,-0.072581,-0.016441,0.0049,-0.002833,0.01033,0.003237,0.96643,0.989897,0.991448,0.991837,0.995944,0.996216
BB6_T9,BB6,-0.07226,-0.018083,0.004974,-0.003249,0.014018,0.003093,0.957903,0.98629,0.987888,0.9884,0.995964,0.996212
BB6_T10,BB6,-0.071686,-0.020193,0.004867,-0.004158,0.019283,0.003354,0.942742,0.97814,0.97967,0.980508,0.99482,0.995112
BB6_T11,BB6,-0.071412,-0.020958,0.004758,-0.004628,0.021227,0.003525,0.935569,0.9737,0.975162,0.976201,0.993543,0.993866
BB6_T12,BB6,-0.069878,-0.023487,0.00404,-0.00693,0.027622,0.004145,0.895784,0.943673,0.944728,0.947056,0.976423,0.976868
BB7_T1,BB7,-0.073388,-0.008059,0.00311,-0.003967,0.00452,0.004665,0.98805,0.993688,0.994313,0.995076,0.995863,0.996427
BB7_T2,BB7,-0.07337,-0.008426,0.003023,-0.004211,0.003924,0.004855,0.987554,0.993717,0.994308,0.995167,0.99576,0.996371
BB7_T3,BB7,-0.073309,-0.009463,0.00283,-0.004796,0.002809,0.005138,0.985928,0.993703,0.99422,0.995335,0.995638,0.996323
BB7_T4,BB7,-0.073232,-0.010562,0.002612,-0.005487,0.002227,0.005281,0.98384,0.993525,0.993966,0.995425,0.995616,0.99634
BB7_T5,BB7,-0.073162,-0.011392,0.002432,-0.006096,0.002111,0.005292,0.981971,0.993238,0.99362,0.995421,0.995593,0.99632
BB7_T6,BB7,-0.073098,-0.01206,0.002283,-0.006632,0.002217,0.00522,0.980244,0.99287,0.993207,0.995339,0.995528,0.996235
BB7_T7,BB7,-0.072745,-0.014775,0.001512,-0.009167,0.004115,0.00461,0.970805,0.989756,0.989904,0.993978,0.994629,0.995181
BB7_T8,BB7,-0.072227,-0.017431,0.000459,-0.012431,0.007551,0.003791,0.957036,0.983412,0.983426,0.990917,0.993111,0.993484
BB7_T9,BB7,-0.071767,-0.019169,-0.000347,-0.014962,0.010354,0.00287,0.944883,0.976783,0.976791,0.987643,0.991769,0.991983
BB7_T10,BB7,-0.070967,-0.021241,-0.001633,-0.018718,0.014204,0.001219,0.923927,0.963096,0.963269,0.980254,0.988019,0.988058
BB7_T11,BB7,-0.070583,-0.02194,-0.0022,-0.020245,0.015571,0.000501,0.913956,0.955744,0.956057,0.975926,0.985258,0.985265
BB7_T12,BB7,-0.068166,-0.024621,-0.00512,-0.027144,0.019638,-0.00327,0.852451,0.905078,0.906772,0.94249,0.957333,0.957611
BB8_T1,BB8,-0.073397,-0.007738,0.004108,-0.002527,0.004948,0.004523,0.988289,0.993488,0.994578,0.994888,0.99583,0.996361
BB8_T2,BB8,-0.073385,-0.007977,0.00434,-0.002014,0.004522,0.004531,0.987956,0.993479,0.994696,0.994893,0.99568,0.996212
BB8_T3,BB8,-0.073337,-0.00874,0.004943,-0.000809,0.003749,0.004412,0.986685,0.993316,0.994895,0.994926,0.995467,0.995972
BB8_T4,BB8,-0.073269,-0.009623,0.005574,0.000365,0.003469,0.004125,0.984846,0.992886,0.994893,0.994899,0.995362,0.995804
BB8_T5,BB8,-0.073202,-0.010342,0.006049,0.001225,0.003623,0.00384,0.983041,0.992326,0.99469,0.994763,0.995268,0.995651
BB8_T6,BB8,-0.073138,-0.010926,0.006415,0.001876,0.004014,0.003614,0.981318,0.991682,0.994341,0.994512,0.995132,0.995471
BB8_T7,BB8,-0.072803,-0.013067,0.007803,0.004238,0.007478,0.002901,0.972371,0.987193,0.991126,0.991997,0.994149,0.994368
BB8_T8,BB8,-0.072261,-0.015303,0.009281,0.006758,0.013005,0.002654,0.957942,0.978271,0.983837,0.986051,0.99256,0.992743
BB8_T9,BB8,-0.071764,-0.016758,0.010188,0.008421,0.017464,0.003272,0.944797,0.969175,0.975881,0.979318,0.991058,0.991336
BB8_T10,BB8,-0.070864,-0.018726,0.011183,0.010311,0.023888,0.00539,0.921264,0.951706,0.959785,0.964939,0.986902,0.987656
BB8_T11,BB8,-0.070444,-0.019464,0.011502,0.01089,0.026274,0.006419,0.91036,0.94325,0.951796,0.957545,0.984116,0.985185
BB8_T12,BB8,-0.068121,-0.021224,0.012801,0.013182,0.034076,0.011194,0.851324,0.89043,0.901016,0.90944,0.954132,0.957384
BB9_T1,BB9,-0.000673,-0.016756,-0.051667,-0.074675,-0.022097,0.007407,8.3e-05,0.024458,0.196915,0.467241,0.486035,0.487458
BB9_T2,BB9,-0.000515,-0.017347,-0.050408,-0.084242,-0.022867,0.012501,4.9e-05,0.026171,0.190326,0.53435,0.554477,0.558532
BB9_T3,BB9,-0.000285,-0.016903,-0.048991,-0.092535,-0.021769,0.0169,1.5e-05,0.024819,0.17987,0.594967,0.613208,0.620618
BB9_T4,BB9,-0.000497,-0.015697,-0.048969,-0.096917,-0.020509,0.01921,4.5e-05,0.021437,0.176349,0.631685,0.647874,0.657448
BB9_T5,BB9,-0.000732,-0.01436,-0.048724,-0.098809,-0.020353,0.019672,9.8e-05,0.017999,0.17137,0.644659,0.660603,0.670643
BB9_T6,BB9,-0.000795,-0.013433,-0.048173,-0.099376,-0.020931,0.018836,0.000116,0.015781,0.165701,0.64444,0.661303,0.670509
BB9_T7,BB9,0.000102,-0.012704,-0.046531,-0.099204,-0.024863,0.012664,2e-06,0.014014,0.153887,0.630971,0.654764,0.658925
BB9_T8,BB9,0.001451,-0.010772,-0.045945,-0.09969,-0.028529,0.005855,0.000386,0.01046,0.146834,0.628602,0.659929,0.660819
BB9_T9,BB9,0.002299,-0.009742,-0.045242,-0.099954,-0.030876,-0.001819,0.00097,0.009208,0.141437,0.625759,0.662453,0.662539
BB9_T10,BB9,0.002648,-0.00775,-0.043988,-0.099003,-0.03389,-0.014391,0.001287,0.006501,0.131506,0.606656,0.650864,0.656237
BB9_T11,BB9,0.002633,-0.006913,-0.043456,-0.098088,-0.0347,-0.018831,0.001272,0.005421,0.127419,0.593824,0.64017,0.649371
BB9_T12,BB9,0.0033,-0.006519,-0.040616,-0.090615,-0.033909,-0.032824,0.001998,0.005687,0.112262,0.510305,0.554561,0.582515
BB10_T1,BB10,-0.001804,0.030289,-0.007241,-0.014535,0.06654,-0.013826,0.000597,0.08024,0.083627,0.093868,0.264287,0.269247
BB10_T2,BB10,-0.002535,0.042557,-0.010014,-0.019251,0.084964,-0.016643,0.001179,0.158404,0.164882,0.182848,0.460702,0.467889
BB10_T3,BB10,-0.00407,0.062214,-0.013961,-0.023612,0.094862,-0.014008,0.003039,0.339056,0.351647,0.378675,0.725035,0.730126
BB10_T4,BB10,-0.005456,0.07408,-0.015607,-0.02347,0.087464,-0.008787,0.00546,0.481874,0.49761,0.524314,0.818762,0.820765
BB10_T5,BB10,-0.006384,0.080045,-0.015995,-0.021927,0.076559,-0.004244,0.007478,0.563707,0.580236,0.603544,0.829143,0.82961
BB10_T6,BB10,-0.007116,0.083353,-0.015899,-0.019963,0.065301,-0.000838,0.00929,0.612447,0.628777,0.648097,0.812225,0.812243
BB10_T7,BB10,-0.009746,0.088831,-0.014198,-0.011218,0.016047,0.009061,0.017426,0.702462,0.715484,0.721585,0.731496,0.733626
BB10_T8,BB10,-0.012174,0.089456,-0.011373,-0.002054,-0.024463,0.014023,0.02719,0.721894,0.73025,0.730455,0.753488,0.75859
BB10_T9,BB10,-0.013992,0.088227,-0.009253,0.003693,-0.045356,0.01493,0.035917,0.71167,0.7172,0.717862,0.797043,0.802826
BB10_T10,BB10,-0.017063,0.083601,-0.005591,0.011424,-0.06543,0.014774,0.053413,0.660167,0.662187,0.668514,0.833292,0.838955
BB10_T11,BB10,-0.01853,0.081243,-0.004128,0.013881,-0.070301,0.013807,0.06299,0.635993,0.637094,0.646433,0.83666,0.841606
BB10_T12,BB10,-0.025268,0.068203,0.000377,0.020636,-0.075209,0.010631,0.117131,0.52095,0.520959,0.541602,0.759318,0.762251
BB11_T1,BB11,-0.073392,-0.008001,0.003265,-0.00374,0.004608,0.004639,0.988152,0.993709,0.994398,0.995076,0.995893,0.996451
BB11_T2,BB11,-0.073375,-0.008352,0.00315,-0.003986,0.00406,0.004792,0.987711,0.993766,0.994407,0.995177,0.995811,0.996407
BB11_T3,BB11,-0.073321,-0.009345,0.002903,-0.004619,0.003051,0.005004,0.986237,0.993819,0.994364,0.995398,0.995756,0.996406
BB11_T4,BB11,-0.07325,-0.010394,0.002652,-0.00535,0.002543,0.005078,0.984337,0.993716,0.99417,0.995558,0.995807,0.996476
BB11_T5,BB11,-0.073187,-0.011182,0.002454,-0.00597,0.002466,0.005046,0.982645,0.993499,0.993888,0.995616,0.99585,0.996511
BB11_T6,BB11,-0.07313,-0.011799,0.002281,-0.00652,0.002618,0.00495,0.981109,0.993194,0.99353,0.99559,0.995854,0.99649
BB11_T7,BB11,-0.072822,-0.014278,0.001418,-0.009075,0.004409,0.004493,0.972876,0.990574,0.990704,0.994696,0.995444,0.995968
BB11_T8,BB11,-0.072374,-0.016702,0.000301,-0.012371,0.007428,0.003858,0.960941,0.98516,0.985166,0.992584,0.994708,0.995094
BB11_T9,BB11,-0.071975,-0.018275,-0.000547,-0.014887,0.009825,0.003068,0.950378,0.97937,0.97939,0.990132,0.993848,0.994092
BB11_T10,BB11,-0.071275,-0.020215,-0.001936,-0.018615,0.013071,0.00192,0.931963,0.967439,0.967681,0.984479,0.991055,0.991151
BB11_T11,BB11,-0.07094,-0.020873,-0.002548,-0.020163,0.014168,0.001351,0.923233,0.961057,0.961477,0.981184,0.988911,0.988958
BB11_T12,BB11,-0.068936,-0.023175,-0.00563,-0.027087,0.016716,-0.001659,0.871807,0.918432,0.920479,0.956047,0.966803,0.966874
BB12_T1,BB12,-0.073398,-0.007782,0.003951,-0.002762,0.004897,0.00454,0.988313,0.993571,0.99458,0.994949,0.995872,0.996407
BB12_T2,BB12,-0.073387,-0.007997,0.004208,-0.002264,0.004526,0.004556,0.98802,0.993572,0.994716,0.994964,0.995753,0.996291
BB12_T3,BB12,-0.073345,-0.00869,0.00485,-0.001048,0.003903,0.004439,0.986887,0.993442,0.994961,0.995014,0.995601,0.996112
BB12_T4,BB12,-0.073283,-0.009494,0.005492,0.000131,0.003742,0.004167,0.985232,0.993058,0.995006,0.995007,0.995546,0.995996
BB12_T5,BB12,-0.073224,-0.010128,0.005968,0.000996,0.003968,0.003913,0.983645,0.992551,0.994852,0.9949,0.995506,0.995903
BB12_T6,BB12,-0.073169,-0.01063,0.006335,0.001657,0.004395,0.003727,0.982147,0.991957,0.99455,0.994683,0.995426,0.995787
BB12_T7,BB12,-0.072871,-0.01255,0.007784,0.004203,0.007674,0.003175,0.974178,0.987851,0.991765,0.992621,0.994888,0.995149
BB12_T8,BB12,-0.0724,-0.014527,0.009274,0.006808,0.012774,0.003145,0.961633,0.979953,0.985509,0.987756,0.994037,0.994294
BB12_T9,BB12,-0.071971,-0.015808,0.010209,0.008549,0.016786,0.003827,0.95025,0.971943,0.978677,0.98222,0.993065,0.993445
BB12_T10,BB12,-0.071183,-0.017439,0.011308,0.01066,0.022533,0.005632,0.929556,0.955958,0.964219,0.969727,0.989269,0.990092
BB12_T11,BB12,-0.07081,-0.018035,0.011699,0.011407,0.024602,0.006397,0.919847,0.948083,0.956925,0.963233,0.986529,0.98759
BB12_T12,BB12,-0.068763,-0.019252,0.013581,0.015124,0.031292,0.010116,0.867445,0.899621,0.911536,0.922624,0.960314,0.962969
BB13_T1,BB13,-0.073397,-0.007885,0.003607,-0.003259,0.004788,0.00458,0.988291,0.993689,0.994529,0.995044,0.995926,0.99647
BB13_T2,BB13,-0.073386,-0.008166,0.003672,-0.00314,0.004355,0.004656,0.987991,0.99378,0.994652,0.99513,0.99586,0.996422
BB13_T3,BB13,-0.073348,-0.009005,0.00386,-0.002865,0.003546,0.004724,0.986962,0.994002,0.994965,0.995363,0.995847,0.996426
BB13_T4,BB13,-0.073299,-0.009906,0.004042,-0.002664,0.003234,0.004655,0.985645,0.994165,0.995221,0.995565,0.995967,0.996529
BB13_T5,BB13,-0.073255,-0.010596,0.004168,-0.002566,0.003306,0.004546,0.984477,0.994224,0.995347,0.995666,0.996086,0.996623
BB13_T6,BB13,-0.073215,-0.011164,0.004262,-0.002518,0.003545,0.004434,0.983399,0.99422,0.995394,0.995701,0.996185,0.996695
BB13_T7,BB13,-0.073007,-0.013461,0.004572,-0.002556,0.005862,0.003923,0.977827,0.993557,0.994908,0.995225,0.996547,0.996947
BB13_T8,BB13,-0.072715,-0.015711,0.004763,-0.002894,0.009635,0.00355,0.970018,0.991446,0.992912,0.993318,0.996891,0.997218
BB13_T9,BB13,-0.072457,-0.01719,0.004807,-0.003299,0.01264,0.003453,0.963138,0.98879,0.990282,0.99081,0.996959,0.997269
BB13_T10,BB13,-0.071995,-0.019127,0.00473,-0.004104,0.016971,0.00352,0.9509,0.982661,0.984107,0.984923,0.996009,0.99633
BB13_T11,BB13,-0.071782,-0.019811,0.00466,-0.004472,0.018576,0.003591,0.945273,0.979343,0.980747,0.981716,0.994998,0.995332
BB13_T12,BB13,-0.070642,-0.022113,0.004209,-0.006093,0.024329,0.004081,0.915478,0.957926,0.959071,0.960871,0.983654,0.984086
BB14_T1,BB14,-0.07339,-0.008034,0.003158,-0.003973,0.004585,0.004673,0.988101,0.993705,0.994349,0.995114,0.995924,0.99649
BB14_T2,BB14,-0.073379,-0.008307,0.003265,-0.003868,0.004162,0.004748,0.987806,0.993797,0.994486,0.995211,0.995878,0.996463
BB14_T3,BB14,-0.073341,-0.009133,0.003493,-0.003595,0.00337,0.004783,0.986787,0.994029,0.994817,0.995444,0.995881,0.996474
BB14_T4,BB14,-0.073293,-0.010025,0.003691,-0.003391,0.003066,0.004681,0.985478,0.994203,0.995084,0.995641,0.996003,0.996571
BB14_T5,BB14,-0.073249,-0.01071,0.003825,-0.003288,0.003141,0.004547,0.984314,0.994272,0.995217,0.995741,0.996121,0.996657
BB14_T6,BB14,-0.073209,-0.011274,0.003925,-0.003235,0.003382,0.004414,0.983241,0.994275,0.99527,0.995777,0.996218,0.996723
BB14_T7,BB14,-0.073002,-0.01356,0.004248,-0.003253,0.005694,0.003845,0.977682,0.993645,0.994811,0.995323,0.996571,0.996955
BB14_T8,BB14,-0.07271,-0.015803,0.004449,-0.003575,0.009461,0.003426,0.969882,0.991561,0.99284,0.99346,0.996905,0.997209
BB14_T9,BB14,-0.072452,-0.017274,0.0045,-0.003965,0.01246,0.003301,0.963015,0.98892,0.990228,0.99099,0.996966,0.997249
BB14_T10,BB14,-0.071992,-0.0192,0.00443,-0.00475,0.016779,0.003343,0.95081,0.982812,0.98408,0.985174,0.99601,0.9963
BB14_T11,BB14,-0.071779,-0.019879,0.004364,-0.00511,0.018378,0.003407,0.945197,0.979504,0.980734,0.982,0.995,0.995302
BB14_T12,BB14,-0.070643,-0.022166,0.003919,-0.006704,0.024109,0.003883,0.915508,0.958162,0.959154,0.961333,0.983705,0.984096
BB15_T1,BB15,-0.073399,-0.007736,0.004056,-0.002544,0.00499,0.004487,0.988349,0.993544,0.994607,0.994921,0.995879,0.996401
BB15_T2,BB15,-0.073389,-0.008025,0.004079,-0.002412,0.004547,0.004563,0.988073,0.993664,0.994739,0.995021,0.995817,0.996357
BB15_T3,BB15,-0.073351,-0.008877,0.004227,-0.002135,0.003722,0.004665,0.987054,0.993895,0.995049,0.99527,0.995803,0.996368
BB15_T4,BB15,-0.073302,-0.009787,0.004393,-0.001937,0.003401,0.00463,0.985736,0.994052,0.995298,0.99548,0.995926,0.996482
BB15_T5,BB15,-0.073259,-0.010482,0.00451,-0.001844,0.00347,0.004546,0.984566,0.994105,0.995419,0.995584,0.996047,0.996584
BB15_T6,BB15,-0.073218,-0.011055,0.004599,-0.001801,0.003708,0.004455,0.983485,0.994095,0.995462,0.995619,0.996148,0.996663
BB15_T7,BB15,-0.07301,-0.013361,0.004896,-0.001859,0.006031,0.004002,0.977904,0.993403,0.994951,0.995119,0.996519,0.996934
BB15_T8,BB15,-0.072718,-0.015619,0.005078,-0.002214,0.00981,0.003674,0.970088,0.991265,0.992931,0.993168,0.996872,0.997222
BB15_T9,BB15,-0.072459,-0.017104,0.005114,-0.002632,0.012819,0.003606,0.963198,0.988595,0.990285,0.990621,0.996946,0.997283
BB15_T10,BB15,-0.071996,-0.019054,0.00503,-0.003457,0.017163,0.003696,0.95093,0.982448,0.984083,0.984662,0.995999,0.996354
BB15_T11,BB15,-0.071782,-0.019741,0.004957,-0.003834,0.018773,0.003775,0.945289,0.979121,0.980709,0.981421,0.994986,0.995356
BB15_T12,BB15,-0.070638,-0.022058,0.0045,-0.005482,0.024549,0.00428,0.915389,0.95763,0.958938,0.960395,0.98359,0.984066
BB16,BB16,-0.063444,-0.021859,0.00481,-0.005037,0.030931,0.010156,0.738422,0.779904,0.781399,0.782629,0.819453,0.822129
BB17,BB17,-0.061493,-0.024976,-0.009611,-0.029779,0.022109,-0.001293,0.69372,0.747873,0.753841,0.796828,0.815643,0.815686
BB18,BB18,-0.056508,-0.01476,0.022032,0.026469,0.037336,0.022893,0.585802,0.604714,0.636074,0.670037,0.723691,0.737288
BB19,BB19,-0.056461,-0.025608,-0.018906,-0.044924,0.014741,-0.009052,0.584833,0.64176,0.664851,0.762687,0.771051,0.773177
BB20,BB20,-0.041594,-0.00591,0.034882,0.052037,0.037774,0.031413,0.31738,0.320413,0.399018,0.530288,0.585207,0.610809
BB21,BB21,-0.051601,-0.025342,-0.024585,-0.053801,0.009443,-0.013973,0.488481,0.544235,0.583281,0.723599,0.727032,0.732098
BB22,BB22,-0.026856,0.001128,0.041151,0.066091,0.034662,0.034817,0.132316,0.132426,0.241826,0.453576,0.499819,0.53127
BB23,BB23,-0.005553,0.069521,-0.015485,-0.023134,0.0682,-0.005678,0.005657,0.42524,0.440732,0.466677,0.645705,0.646542
BB24,BB24,-0.005736,0.066781,-0.014523,-0.01979,0.050469,-0.000682,0.006036,0.393199,0.406824,0.42581,0.523848,0.52386
BB25,BB25,-0.000495,0.022176,-0.006058,-0.015105,0.069534,-0.016966,4.5e-05,0.042739,0.04511,0.056171,0.242271,0.249739
BB26,BB26,-0.064517,0.010507,0.001146,-0.00061,-0.024967,-0.003159,0.763613,0.773197,0.773282,0.7733,0.797292,0.797551
